aksara_lontara,aksara_latin
ᨕᨅᨌ,abbacang
ᨕᨅᨌᨂᨙ,abbacangngè
ᨕᨅᨈᨗᨑᨛᨊ,abbatirenna
ᨕᨅᨗᨌᨑᨅᨗᨌᨑᨂᨛ,abbicara-bicarangeng
ᨕᨅᨗᨊᨔᨂᨙ,abinasangngè
ᨕᨅᨘ,abu
ᨕᨌᨘᨕᨊ,accuanna
ᨕᨌᨛᨊᨚᨑᨛᨊ,acennorenna
ᨕᨉ,ada
ᨕᨉᨕᨉᨕᨙ,ada-adaè
ᨕᨉᨕᨙ,adaè
ᨕᨉᨊ,adanna
ᨕᨉᨈ,adatta'
ᨕᨉᨇᨛ,addampeng
ᨕᨉᨗᨉᨗ,addidi
ᨕᨉᨛ,ade'
ᨕᨉᨛᨄᨗᨈᨘᨕᨙ,ade' pituè
ᨕᨉᨛᨈ,ade'ta
ᨕᨁ,aga
ᨕᨁᨁᨕᨙ,agagaè
ᨕᨁᨁᨊ,agaganna
ᨕᨁᨆ,agama
ᨕᨁᨊ,agana
ᨕᨁᨈᨘ,agatu
ᨕᨁᨘᨑᨘ,aggurung
ᨕᨁᨘᨑᨘᨂᨙᨉᨙ,aggurungèdè
ᨕᨁᨘᨑᨘᨂᨙᨓᨙ,aggurungèwè
ᨕᨁᨘᨑᨘᨂᨙ,aggurungngè
ᨕᨕᨗᨔ,aisah
ᨕᨍ,aja'
ᨕᨍᨑᨛᨈ,ajaretta
ᨕᨍᨈᨚ,aja'to
ᨕᨍᨈᨄᨑᨛ,ajattappareng
ᨕᨍᨚᨄᨂᨛᨈ,ajoppangetta'
ᨕᨀᨈᨘᨓᨚᨂᨛᨂᨙ,akatuwongengngè
ᨕᨀᨈᨘᨓᨚᨈᨘᨓᨚᨂᨛᨂᨙ,akatuwo-tuwongengngè
ᨕᨀᨛᨔᨗᨂᨛ,akessingeng
ᨕᨀᨛᨔᨗᨂᨛᨊ,akessingenna
ᨕᨀᨒᨙᨅᨑᨀᨛ,akkalèbarakeng
ᨕᨀᨒᨛᨊ,akkalenna
ᨕᨀᨒᨙᨑᨘᨉᨘᨀᨛ,akkalèruddukeng
ᨕᨀᨒᨗᨅᨗᨊᨙᨂᨛᨂᨙ,akkalibinèngengngè
ᨕᨀᨋᨙᨕᨋᨙᨊ,akkanrè-anrèna
ᨕᨀᨑᨘᨂᨛ,akkarungeng
ᨕᨀᨑᨘᨂᨛᨂᨙ,akkarungengè
ᨕᨀᨑᨘᨂᨛᨊ,akkarungenna
ᨕᨀᨈᨕᨙ,akkataè
ᨕᨀᨈᨛᨊᨗᨂᨛ,akkatenningeng
ᨕᨀᨈ,akkatta
ᨕᨀᨈᨊ,akkattana
ᨕᨀᨈᨘᨕᨚᨊ,akkatuonna
ᨕᨀᨈᨘᨓᨚᨂᨙ,akkatuwongè
ᨕᨀᨈᨘᨓᨚᨊ,akkatuwonna
ᨕᨀᨙᨅᨛᨈᨘᨕᨂᨗ,akkèbettuangi
ᨕᨀᨙᨁᨘᨊᨊ,akkègunana
ᨕᨀᨙᨁᨘᨊᨂᨛᨊ,akkègunangenna
ᨕᨀᨘᨕᨔᨂᨛᨊ,akkuasangenna
ᨕᨀᨚᨑ,akorang
ᨕᨒ,ala
ᨕᨒᨕᨗᨖᨗ,alaihi
ᨕᨒᨕᨗᨀᨘ,alaikum
ᨕᨒᨙ,alè
ᨕᨒᨙᨕᨒᨙ,alè-alè
ᨕᨒᨙᨀᨘ,alèku’
ᨕᨒᨛᨇᨘᨀᨚ,alempukko
ᨕᨒᨛᨇᨘᨑᨛ,alempureng
ᨕᨒᨛᨇᨘᨑᨛᨂᨙ,alempurengè
ᨕᨒᨙᨊ,alèna
ᨕᨒᨙᨈ,alèta’
ᨕᨒᨙᨓᨙ,alèwè
ᨕᨒᨗ,ali
ᨕᨒᨗᨔᨗᨆᨘ,alisi'mu
ᨕᨒᨗᨈ,alitta
ᨕᨒ,alla
ᨕᨒᨖᨘ,allahu
ᨕᨒᨗᨑᨗ,alliri
ᨕᨆᨌᨂᨛᨊ,amaccangenna
ᨕᨆᨊ,amanna
ᨕᨆᨔᨁᨙᨊᨂᨛᨂᨙ,amasagènangenge
ᨕᨆᨕᨘᨑᨙᨊᨆᨗ,amaurènami
ᨕᨅᨚᨀᨘ,ambo’ku’
ᨕᨅᨚᨊ,ambo’na
ᨕᨆᨗᨊ,amina
ᨕᨆᨕᨚ,ammao
ᨕᨆᨔᨗ,ammasi
ᨕᨇᨒᨍᨙᨂᨛᨁ,ampalajèngngekga
ᨕᨇᨙ,ampè
ᨕᨇᨘᨒᨍᨛ,ampulajeng
ᨕᨆᨘᨑᨙᨊᨆᨗ,amurènami
ᨕᨊ,ana’
ᨕᨊᨊ,ana’na
ᨕᨊᨔᨗᨀᨚᨒᨕᨙ,ana'sikolaè
ᨕᨉᨗ,andi
ᨕᨂᨗ,anging
ᨕᨃᨛ,angke'
ᨕᨃᨛᨕᨃᨛ,angke'-angke'
ᨕᨃᨛᨕᨃᨛᨊ,angke'-angke'na
ᨕᨃᨛᨊ,angke'na
ᨕᨊᨘ,anu
ᨕᨊᨘᨑᨙᨊ,anurena
ᨕᨎᨑ,anyarang
ᨕᨄ,apa'
ᨕᨄᨌᨗᨂᨛ,apaccingeng
ᨕᨄᨕᨗᨔᨛᨂᨛ,apaissengnge
ᨕᨄᨗ,api
ᨕᨄ,appang
ᨕᨄᨑᨙᨈᨂᨛᨊ,apparèntangenna
ᨕᨄᨚ,appong
ᨕᨄᨚᨂᨛᨊ,appongenna
ᨕᨑ,ara'
ᨕᨑᨍ,araja
ᨕᨑᨙ,arè’
ᨕᨑᨘᨕ,arua
ᨕᨑᨘᨇᨚᨊᨙ,arumponè
ᨕᨑᨘ,arung
ᨕᨑᨘᨊ,arungna
ᨕᨑᨘᨓ,aruwa
ᨕᨔᨒᨆᨀᨛᨂᨙ,asalamakengè
ᨕᨔᨙ,asè
ᨕᨔᨛᨒᨛᨂᨛᨂᨙ,asellengengè
ᨕᨔᨛ,aseng
ᨕᨔᨛᨊ,asenna
ᨕᨔᨙᨔᨂᨛ,asèssangeng
ᨕᨔᨙᨓᨙᨑᨗᨈᨘ,asèwèritu
ᨕᨔᨗᨈᨚᨒᨚᨈᨚᨒᨚᨂᨛᨊ,asitolottolongenna
ᨕᨔᨒᨆᨘ,assalamu
ᨕᨔᨒᨛᨊ,assalenna
ᨕᨔᨗᨒᨕᨗᨂᨛᨊ,assilaingenna
ᨕᨔᨗᨒᨙᨕᨚᨒᨙᨕᨚᨑᨛᨈ,assilèo-lèoretta
ᨕᨔᨗᨆᨛᨒᨛᨑᨛ,assimellereng
ᨕᨔᨗᨆᨙᨒᨛᨑᨛᨈ,assimellèrengta
ᨕᨔᨗᨔᨚᨇᨘᨂᨛᨊ,assisompungenna
ᨕᨔᨗᨓᨚᨒᨚᨇᨚᨒᨚᨂᨙ,assiwolompolongngè
ᨕᨈᨕᨙ,ataè
ᨕᨈᨛᨄᨛᨑᨛᨊ,atepperenna
ᨕᨈᨗ,ati
ᨕᨈᨗᨀᨘ,atikku’
ᨕᨈᨗᨆᨘ,atimmu
ᨕᨈᨗᨊ,atinna
ᨕᨈᨗᨋᨚᨊᨚ,atinrono
ᨕᨈᨚᨂᨛᨂᨙ,atongengngè
ᨕᨈᨚᨑᨛ,atoreng
ᨕᨈᨚᨑᨚ,atoro'
ᨕᨈᨛᨊᨗ,attenning
ᨕᨈᨘ,atu
ᨕᨈᨘᨕᨈᨘ,atu'atu'
ᨕᨈᨘᨕᨈᨘᨊ,atu-atuna
ᨕᨈᨘᨀᨛᨊᨊ,atukennana
ᨕᨈᨘᨊ,atuna
ᨕᨈᨘᨕᨚ,atuong
ᨕᨈᨘᨕᨚᨂᨙ,atuongèng
ᨕᨈᨘᨕᨚᨂᨛᨊ,atuongenna
ᨕᨈᨘᨕᨚᨊ,atuonna
ᨕᨈᨘᨓᨚᨈ,atuwotta
ᨕᨓ,awa
ᨕᨓᨑᨊᨗᨂᨛᨂᨙ,awaraningengngè
ᨕᨓᨈᨂᨛ,awatangeng
ᨕᨓᨈᨂᨛᨊ,awatangenna
ᨕᨓᨈᨂᨛᨊᨆᨗ,awatangennami
ᨅ,ba
ᨅᨅᨘᨕᨆᨘ,babuamu
ᨅᨌ,baca
ᨅᨌᨅᨌ,baca-baca
ᨅᨌᨅᨌᨕᨙ,baca-bacaè
ᨅᨌᨕᨗ,bacai
ᨅᨌᨚ,baco
ᨅᨁᨙᨉ,bagenda
ᨅᨕᨗᨌᨘᨕᨙ,baiccuè
ᨅᨍᨚᨕᨙ,bajoè
ᨅᨀᨑᨛ,bakare'
ᨅᨒᨊ,balana’
ᨅᨒᨉᨕᨙ,balandaè
ᨅᨒᨛᨔᨙᨊ,balesena
ᨅᨒᨛᨔᨙ,balessè
ᨅᨒᨗ,bali
ᨅᨒᨗ,bali'
ᨅᨒᨗᨊᨗ,balini
ᨅᨒᨗᨓᨗ,baliwi
ᨅᨒᨗᨓᨗ,baliwi
ᨅᨒᨚ,balo
ᨅᨒᨘ,balu’
ᨅᨒᨘᨀᨘ,balu’ku
ᨅᨒᨘᨅᨒᨘᨀᨘ,balu'-balu'ku
ᨅᨇ,bampa
ᨅᨊ,banna
ᨅᨈᨘᨕ,bantuang
ᨅᨑ,bara'
ᨅᨑᨀ,barakka’
ᨅᨑᨀᨆᨘ,barakka’mu
ᨅᨑᨀᨘᨕᨆᨛᨂᨗ,barakkuammengngi
ᨅᨑᨗᨔᨗ,barisi’
ᨅᨑᨗᨔᨗᨊ,barisi'na
ᨅᨑᨘ,baru
ᨅᨔ,basa
ᨅᨔᨊ,basana
ᨅᨔᨚ,baso
ᨅᨈ,bata'
ᨅᨈᨙᨊ,batèna
ᨅᨈᨙᨈ,batèta
ᨅᨈᨘ,batu
ᨅᨕᨘ,bau'
ᨅᨓ,bawang
ᨅᨓᨂᨛᨊ,bawangenna
ᨅᨓᨊ,bawanna
ᨅᨙᨅᨙ,bèbè
ᨅᨛᨉ,bedda’
ᨅᨛᨉᨘ,beddu
ᨅᨙᨒ,bèla
ᨅᨙᨒᨚ,bèlo
ᨅᨙᨊᨙ,bènnèng
ᨅᨛᨈᨘ,bentu’
ᨅᨛᨑᨘ,berru
ᨅᨙᨈᨙ,bètè
ᨅᨛᨈᨘᨕ,bettuang
ᨅᨛᨈᨘᨕᨊ,bettuanna
ᨅᨛᨈᨘᨓᨊ,bettuwanna
ᨅᨙᨕᨘ,bèu
ᨅᨗᨕᨔᨆᨘᨈᨚᨕᨗ,biasamutoai
ᨅᨗᨕᨔᨊᨗ,biasani
ᨅᨗᨌᨑ,bicara
ᨅᨗᨌᨑᨕᨙ,bicaraè
ᨅᨗᨉᨉᨑᨗ,bidadari
ᨅᨗᨒᨗ,bili’
ᨅᨗᨑᨗᨈ,biritta
ᨅᨚᨀᨚ,bokong
ᨅᨚᨒ,bola
ᨅᨚᨒᨕᨙᨑᨚ,bolaèro
ᨅᨚᨒᨊ,bolana
ᨅᨚᨒᨈ,bolata’
ᨅᨚᨒᨚ,bolong
ᨅᨚᨊᨙ,bonè
ᨅᨚᨔᨗ,bosi
ᨅᨚᨈᨗᨇᨑᨘᨕᨙ,bottimparuè
ᨅᨚᨈᨗ,botting
ᨅᨚᨈᨗᨂᨙ,bottingngè
ᨅᨘᨕᨊ,buana
ᨅᨘᨉᨗᨐᨓ,budayawang
ᨅᨘᨀ,buka
ᨅᨘᨀᨗ,buki'
ᨅᨘᨒᨘ,bulu’
ᨅᨘᨂ,bunga
ᨅᨘᨂᨛ,bunge’
ᨅᨘᨂᨛᨕᨙ,bunge’è
ᨅᨘᨂᨛᨕᨗ,bunge’i
ᨅᨘᨂᨛᨊ,bunge'na
ᨌ,ca
ᨌᨅᨙᨑᨘᨊ,ca'bèruna
ᨌᨖᨐ,cahaya
ᨌᨖᨐᨆᨘ,cahayamu
ᨌᨕᨗᨐ,caiya
ᨌᨀᨑᨘᨉᨘ,cakkaruddu'
ᨌᨇ,campa'
ᨌᨊᨗ,cani’
ᨌᨊᨗᨕᨗ,cani'i
ᨌᨄ,cappa’
ᨌᨑ,cara
ᨌᨑᨉᨙᨊ,caraddè’na
ᨌᨑᨊ,carana
ᨌᨑᨈ,carata
ᨌᨑᨗᨈ,carita
ᨌᨑᨗᨈᨕᨙ,caritaè
ᨌᨑᨗᨈᨕᨗ,caritai
ᨌᨙᨉᨙᨀ,cèddè'ka
ᨌᨙᨀᨚᨕᨙ,cèkoè
ᨌᨛᨆᨙᨀᨚ,cemmèko
ᨌᨛᨊᨗ,cenning
ᨌᨛᨊᨗᨂᨙ,cenningngè
ᨌᨛᨊᨗᨑᨑ,cenningrara
ᨌᨙᨑ,cèra'
ᨌᨗᨊ,cinna
ᨌᨚᨌᨚᨊᨗ,coco’ni
ᨌᨚᨒᨗ,colliq
ᨉᨕᨙ,daèng
ᨉᨕᨙᨑ,daèra
ᨉᨑ,dara
ᨉᨑᨛ,dare’
ᨉᨈᨘ,datu’
ᨉᨕᨘ,daung
ᨉᨙ,dè'
ᨉᨙᨕᨙ,dè’è
ᨉᨙᨄ,dè’pa
ᨉᨙᨈᨘ,dè’tu
ᨉᨙᨌᨙᨀᨘ,dècèkku
ᨉᨙᨌᨙ,dècèng
ᨉᨙᨁᨁ,degaga
ᨉᨙᨁ,dèkga
ᨉᨙᨆᨙᨆᨛᨈᨚᨊ,dè'mèmengtonna
ᨉᨙᨊ,dèna’
ᨉᨙᨊᨆᨑᨗᨁᨁ,dè'namarigaga
ᨉᨙᨊᨄ,dè'napa
ᨉᨛᨊᨗᨕᨑᨗ,denniari
ᨉᨙᨄᨙ,dèpè
ᨉᨛᨑᨍᨊ,deraja'na
ᨉᨙᨔᨕᨙ,dèsaè
ᨉᨗᨕᨘᨀᨗ,diuki’
ᨉᨚᨕ,doang
ᨉᨚᨀᨚᨕᨙ,dokoè
ᨉᨚᨀᨚᨊᨗ,dokoni
ᨉᨘᨕ,dua
ᨉᨘᨕᨕᨙ,duaè
ᨉᨘᨕᨀᨍᨘ,duakkaju
ᨉᨘᨕᨅᨈᨘ,duambatu
ᨉᨘᨄ,duppa
ᨉᨘᨈ,duta
ᨕᨙᨅᨘᨕᨗ,èbbu’i
ᨕᨙᨅᨘᨀᨗ,èbbu’ki
ᨕᨙᨁᨕᨙ,ègaè
ᨕᨙᨁᨊ,èganna
ᨕᨙᨍ,èja
ᨕᨙᨍᨕᨙ,èjaè
ᨕᨛᨒᨕᨛᨒ,ella-ella
ᨕᨙᨒᨕᨘ,èllau
ᨕᨙᨒᨚ,èlong
ᨕᨙᨒᨚᨂᨙ,èlongngè
ᨕᨙᨒᨚᨂᨙᨑᨚ,èlongngèro
ᨕᨙᨒᨚᨊ,èlonna
ᨕᨛᨃ,engka
ᨕᨛᨃᨕᨙ,engkaè
ᨕᨛᨃᨁ,engkaga
ᨕᨛᨃᨕᨗ,engkai
ᨕᨙᨃᨒᨗᨂᨊᨗ,èngkalingani
ᨕᨛᨃᨊ,engkana
ᨕᨛᨃᨈᨚ,engkato
ᨕᨛᨊᨛ,enneng
ᨕᨛᨊᨛᨂᨙ,ennengngè
ᨕᨙᨋᨙᨀᨗ,ènrèkki'
ᨕᨛᨋᨛᨂᨙ,enrengè
ᨕᨛᨋᨛᨂᨙᨈᨚᨄ,enrengètoppa
ᨕᨛᨄ,eppa’
ᨕᨛᨄᨕᨗ,eppa’i
ᨕᨙᨄᨕᨙ,èppa'è
ᨕᨛᨄᨚᨊ,eppona
ᨕᨙᨑᨚ,èro
ᨕᨙᨔᨀᨚ,èsakko
ᨕᨛᨔᨚᨕᨙ,essoè
ᨕᨛᨔᨚᨕᨛᨔᨚ,esso-esso
ᨕᨛᨔᨚᨊ,essona
ᨕᨙᨓᨂᨛᨄ,èwangeppa
ᨁᨅ,gaba
ᨁᨒᨘ,galung
ᨁᨅᨙᨑᨙ,gambèrè'
ᨁᨑᨙ,garè
ᨁᨕᨘ,gau’
ᨁᨗᨒᨗ,giling
ᨁᨚ,go
ᨁᨚᨒᨚ,golla
ᨁᨚᨒᨚ,golo’
ᨁᨚᨓ,gowa
ᨁᨘᨑᨘᨕᨙ,guruè
ᨁᨘᨑᨘᨈ,gurutta
ᨖ,ha
ᨖᨉᨙᨔᨛᨕᨙ,haddèse'è
ᨖᨍᨗ,hajji
ᨖᨆᨘᨉᨗ,hamudding
ᨖᨑ,harang
ᨖᨑᨘᨔᨘᨄᨗ,harusupi
ᨖᨔ,hasang
ᨖᨔᨊᨘᨉᨗ,hasanudding
ᨖᨚᨆᨚᨊᨗᨆᨛ,homonimeng
ᨖᨘᨑᨘᨄᨘ,hurupu’
ᨖᨘᨑᨘᨄᨘᨊ,hurupu’na
ᨖᨘᨔᨕᨗ,husain
ᨕᨗ,i
ᨕᨗᨕ,ia
ᨕᨗᨕᨁᨘᨑᨘᨕᨗ,iaggurui
ᨕᨗᨕᨁᨘᨑᨘᨕᨗᨊᨗ,iagguruini
ᨕᨗᨕᨁᨘᨑᨘᨕᨗᨓᨗ,iagguruiwi
ᨕᨗᨕᨀᨗᨕ,iakkia
ᨕᨗᨕᨊᨕᨙ,ianaè
ᨕᨗᨕᨊᨑᨗᨈᨘ,ianaritu
ᨕᨗᨕᨊᨑᨚ,ianaro
ᨕᨗᨕᨊᨘ,ianu
ᨕᨗᨕᨑᨙᨁ,iarègga
ᨕᨗᨅᨌ,ibaca
ᨕᨗᨅᨌᨕᨙ,ibacaè
ᨕᨗᨅᨛᨑᨖᨗ,iberahim
ᨕᨗᨉᨛᨑᨗᨔᨛ,iderise
ᨕᨗᨉᨗ,idi’
ᨕᨗᨉᨗᨊ,idi’na
ᨕᨗᨉᨗᨁ,idikga
ᨕᨗᨉᨗᨊᨁ,idinaga
ᨕᨗᨁ,iga
ᨕᨗᨀᨚ,iko
ᨕᨗᨒᨒᨛ,ilaleng
ᨕᨗᨒᨈᨗᨊᨗ,ilatini
ᨕᨗᨒᨒ,illalla
ᨕᨗᨊ,inang
ᨕᨗᨊᨋᨙ,inanrè
ᨕᨗᨉ,indah
ᨕᨗᨉᨗᨕ,india
ᨕᨗᨉᨚ,indo'
ᨕᨗᨉᨚᨀᨘ,indokku’
ᨕᨗᨉᨚᨊᨙᨔᨗᨕᨕᨙ,indonesiaè
ᨕᨗᨊᨗᨊᨓ,ininnawa
ᨕᨗᨊᨗᨊᨓᨕᨙ,ininnawaè
ᨕᨗᨄᨀᨈᨍᨂᨗ,ipakatajanngi
ᨕᨗᨄᨒᨛᨈᨘᨕᨙ,ipalettu'è
ᨕᨗᨄᨊᨛᨔᨕᨗ,ipannessai
ᨕᨗᨑᨗᨔᨛ,irisseng
ᨕᨗᨑᨗᨈ,irita
ᨕᨗᨔᨛᨊ,ise’na
ᨕᨗᨈᨂ,itanga'
ᨕᨗᨈᨊᨗ,itani
ᨕᨗᨐ,iya’
ᨕᨗᨐᨆᨗ,iyami
ᨕᨗᨐᨊᨑᨗᨈᨘ,iyanaritu
ᨕᨗᨐᨊᨘ,iyanu
ᨕᨗᨐᨈᨚ,iyato
ᨕᨗᨐ,iyya
ᨕᨗᨐᨕᨙ,iyyaè
ᨕᨗᨐᨑᨚ,iyyaro
ᨍᨍᨗ,jaji
ᨍᨀ,jakka
ᨍᨒ,jala
ᨍᨆᨕᨗ,jamai
ᨍᨆᨍᨆᨊ,jama-jamanna
ᨍᨆ,jamang
ᨍᨆᨂᨛᨂᨗ,jamangngengi
ᨍᨆᨊ,jamanna
ᨍᨆᨈ,jamatta’
ᨍᨏᨗ,janci
ᨍᨂ,janga’
ᨍᨓᨕᨙ,jawaè
ᨍᨙᨀᨂᨙ,jèkkangngè
ᨍᨙᨊᨙ,jènnè’
ᨍᨚᨕ,joa’
ᨍᨚᨕᨊ,joa’na
ᨍᨚᨀ,jokka
ᨍᨚᨄ,joppa
ᨍᨚᨄᨊᨗ,joppani
ᨍᨘᨆᨛᨒᨊ,jumelana
ᨀ,ka
ᨀᨉᨚᨅᨑᨗ,kaddokbari
ᨀᨉᨘᨕᨊ,kaduanna
ᨀᨍᨍᨗᨕ,kajajiang
ᨀᨍᨕᨚ,kajao
ᨀᨀ,kakak
ᨀᨒᨚᨒᨚ,kallolo
ᨀᨒᨚᨊ,kallonna
ᨀᨒᨚᨒᨚᨕᨙ,kaloloè
ᨀᨒᨘᨀᨘ,kaluku
ᨀᨆᨔᨙ,kamasè
ᨀᨆᨗᨊ,kaminang
ᨀᨇᨚ,kampong
ᨀᨇᨚᨂᨙ,kampongngè
ᨀᨈᨚᨑᨚ,kantoro'
ᨀᨑᨕᨙ,karaèng
ᨀᨑᨀᨛᨈᨛᨑᨗᨔᨛᨈᨗᨊ,karaketerisetina
ᨀᨑᨙᨅ,karèba
ᨀᨑᨙᨅᨕᨙ,karèbaè
ᨀᨑᨛᨒ,karella
ᨀᨑᨛᨒᨕᨙ,karellaè
ᨀᨈᨚᨑᨚ,katoro
ᨀᨛᨌᨆᨈ,kecamatang
ᨀᨙᨉᨚ,kèdo
ᨀᨛᨉᨘᨕ,kedua
ᨀᨙᨁᨊ,kègana
ᨀᨙᨁᨊᨗ,kègani
ᨀᨙᨒᨚᨕᨙ,kèloè
ᨀᨛᨒᨘᨑᨖ,kelurahang
ᨀᨛᨔᨗ,kessi'
ᨀᨛᨔᨗᨊ,kessinna
ᨀᨛᨈᨛᨑᨂ,keterangang
ᨀᨗᨈ,kkita
ᨀᨚᨉᨕᨙ,kondae
ᨀᨘᨕᨅᨛᨀᨛ,kuabbekkeng
ᨀᨘᨕᨌᨐ,kuaccaya
ᨀᨘᨕᨀᨒᨙᨄᨘ,kuakkalèpu
ᨀᨘᨕᨋᨙ,kuanrè
ᨀᨘᨕᨈᨙᨀᨙ,kuattèkkè
ᨀᨘᨒᨑᨗᨕ,kulariang
ᨀᨘᨒᨚᨒ,kulolang
ᨀᨘᨒᨚᨒᨚᨂᨛ,kulolongeng
ᨀᨘᨆᨒᨚᨒᨚ,kumalolo
ᨀᨘᨇᨐᨀᨘ,kumpayakun
ᨀᨘᨊᨗ,kuning
ᨀᨘᨄᨔᨛ,kupaseng
ᨀᨘᨄᨛᨒᨙ,kupelè
ᨀᨘᨑᨗᨄᨏᨍᨗ,kuripancaji
ᨀᨘᨑᨗᨄᨔᨗᨕ,kuripasia
ᨀᨘᨔᨇᨙᨕ,kusampèang
ᨀᨘᨔᨋᨙᨁᨗ,kusanrègi
ᨀᨘᨔᨙᨑᨚ,kusèro
ᨀᨘᨈᨈ,kutantang
ᨀᨘᨈᨗᨑᨚᨀᨗ,kutiroki'
ᨀᨘᨈᨘ,kuttu
ᨀᨘᨈᨘᨕᨙ,kuttuè
ᨀᨘᨓᨕᨙ,kuwaè
ᨀᨘᨓᨕᨙᨊ,kuwaènna
ᨀᨘᨓᨕᨙᨈᨚᨄ,kuwaètoppa
ᨒ,la
ᨒᨕᨗᨒᨖ,laailaaha
ᨒᨅᨌᨚ,labaco
ᨒᨅᨛᨉᨘ,labeddu
ᨒᨅᨙᨒ,labèla
ᨒᨉᨛᨕᨗ,ladde’i
ᨒᨁᨘ,lagu
ᨒᨁᨘᨒᨁᨘᨊ,lagu–laguna
ᨒᨁᨘᨊ,laguna
ᨒᨕᨗᨂᨛ,laingnge
ᨒᨀᨒᨚᨒᨚ,lakallolo
ᨒᨀᨕᨗ,lakkai
ᨒᨀᨛᨒᨀᨛᨕᨗ,lakkelakkei
ᨒᨒᨙ,lalè
ᨒᨒᨛ,laleng
ᨒᨒᨛᨂᨙ,lalengngè
ᨒᨒᨛᨊ,lalenna
ᨒᨒᨚ,lalo
ᨒᨒᨚᨆᨗ,lalomi
ᨒᨆᨒ,lamala
ᨒᨅᨚᨁᨚ,lambogo
ᨒᨇ,lampa'
ᨒᨇᨙᨑᨗ,lampèri
ᨒᨇᨘᨕᨙ,lampuè
ᨒᨆᨘᨑᨘ,lamuru
ᨒᨂᨗ,langi'
ᨒᨕᨚ,lao
ᨒᨕᨚ,lao
ᨒᨕᨚᨕᨙ,laoè
ᨒᨕᨚᨒᨕᨚ,lao-lao
ᨒᨕᨚᨊ,laona
ᨒᨄᨂᨂᨙ,lapangangngè
ᨒᨄᨄᨘᨑ,lapappura
ᨒᨄ,lappa
ᨒᨄᨕᨙ,lappaè
ᨒᨄᨒᨄ,lappa-lappa
ᨒᨑᨗᨕᨂᨗ,lariangngi
ᨒᨑᨗᨊᨗ,larini
ᨒᨑᨘᨉᨗ,larudding
ᨒᨔᨊᨘ,lasanu'
ᨒᨈᨚᨊ,lato'na
ᨒᨓᨗ,lawi’
ᨒᨅᨗᨊᨗ,lebbini
ᨒᨙᨌᨙ,lèccè
ᨒᨙᨅᨇᨑ,lèmbamparang
ᨒᨛᨇᨘᨕᨙ,lempu'è
ᨒᨙᨁᨚᨒᨙᨁᨚᨔᨕᨗ,lènggok-lènggoksai
ᨒᨛᨎᨛᨊᨗ,lennye'ni
ᨒᨛᨎᨛᨈᨚᨊᨗ,lennye'toni
ᨒᨙᨄ,lèppang
ᨒᨙᨈᨊ,lètanan
ᨒᨛᨈᨘ,lettu’
ᨒᨙᨕᨘ,lèu
ᨒᨙᨓᨛᨊᨚ,lèweno
ᨒᨗᨆ,lima
ᨒᨗᨆ,lima
ᨒᨗᨆᨕᨙ,limaè
ᨒᨗᨊᨚ,lino
ᨒᨗᨊᨚᨕᨙ,linoè
ᨒᨗᨄ,lipa'
ᨒᨗᨄᨊ,lipa’na
ᨒᨗᨄᨘᨊ,lipunna
ᨒᨗᨔᨛ,lise'
ᨒᨗᨔᨛᨊ,lise’na
ᨒᨗᨓᨛ,liweng
ᨒᨚᨒ,lolang
ᨒᨚᨒᨊᨚ,lolanno
ᨒᨚᨒᨚ,lolo
ᨒᨚᨒᨚᨂᨛ,lolongeng
ᨒᨚᨒᨚᨂᨛᨂᨗ,lolongengngi
ᨒᨚᨈᨑ,lontara
ᨒᨚᨈᨑᨕᨙ,lontara’è
ᨒᨚᨈᨑᨕᨙᨑᨚ,lontara'èro
ᨒᨚᨄᨗ,lopi
ᨒᨚᨄᨚ,loppo
ᨒᨚᨑᨚᨔᨛ,loroseng
ᨒᨘᨆᨘ,lumu’
ᨒᨘᨑᨛᨊ,lurenna
ᨆ,ma
ᨆᨅᨌᨕᨙ,mabacaè
ᨆᨅᨌ,mabbaca
ᨆᨅᨍᨘ,mabbaju
ᨆᨅᨊᨘᨕ,mabbanua
ᨆᨅᨛᨉ,mabbedda’
ᨆᨅᨛᨒᨙ,mabbellè
ᨆᨅᨛᨊᨗᨓᨗ,mabbenniwi
ᨆᨅᨗᨕᨔ,mabbiasa
ᨆᨅᨗᨌᨑ,mabbicara
ᨆᨅᨙᨒ,mabèla
ᨆᨅᨙᨒᨄᨗ,mabèlapi
ᨆᨅᨗᨈᨙ,mabittè
ᨆᨌᨊᨗ,maccani
ᨆᨌᨐᨆᨘᨄᨗ,maccayamupi
ᨆᨌᨛᨆᨙ,maccemmè
ᨆᨉᨛᨊᨘᨕ,maddennuang
ᨆᨉᨗᨕᨔᨛᨀᨗ,maddiaseki
ᨆᨉᨘᨕ,maddua
ᨆᨉᨘᨈ,madduta
ᨆᨉᨙᨌᨙᨀᨘ,madècèkku
ᨆᨉᨙᨌᨙᨆᨘᨕ,madècèmmua'
ᨆᨉᨙᨌᨙ,madècèng
ᨆᨉᨙᨌᨙᨂᨙ,madècèngngè
ᨆᨉᨙᨌᨙᨂᨗ,madècèngngi
ᨆᨉᨙᨌᨙᨊᨗ,madècènni
ᨆᨉᨛᨊᨘᨕᨂᨗ,madennuangngi
ᨆᨉᨗᨕᨔᨙᨀᨗᨓᨗ,madiasèkiwi
ᨆᨉᨗᨕᨚᨒᨚᨕᨙ,madioloè
ᨆᨉᨚᨀᨚ,madoko
ᨆᨕᨙᨁ,maèga
ᨆᨕᨙᨁᨕᨙ,maègaè
ᨆᨕᨙᨒᨚ,maèlo
ᨆᨕᨙᨒᨚᨕᨗ,maèlo’i
ᨆᨕᨙᨒᨚᨕᨙ,maèlo'è
ᨆᨕᨙᨒᨚᨀᨗ,maèloki
ᨆᨕᨙᨒᨚᨀ,maèlokka
ᨆᨕᨙᨒᨚᨊᨗ,maèlo'ni
ᨆᨁᨗᨈᨗ,magatti'
ᨆᨁᨈᨗᨀᨗ,magattikki'
ᨆᨁᨛᨒᨚ,magello
ᨆᨁᨒᨘᨆᨗ,maggalummi
ᨆᨁᨒᨘ,maggalung
ᨆᨁᨚᨒᨚ,maggolo’
ᨆᨁᨘᨑᨘ,magguru
ᨆᨁᨘᨑᨘᨕᨗ,maggurui
ᨆᨁᨗ,magi
ᨆᨖᨛᨆᨉᨛ,mahemude
ᨆᨕᨗ,mai
ᨆᨕᨗᨈᨊᨗ,maittani
ᨆᨍ,maja’
ᨆᨍᨈᨘ,maja'tu
ᨆᨍᨀ,majjakka
ᨆᨍᨆ,majjama
ᨆᨀᨕᨑᨘᨕ,makaaruwa
ᨆᨀᨔᨑ,makassara’
ᨆᨀᨙᨅᨛᨈᨘᨕᨂᨗ,makebèttuangi
ᨆᨀᨛᨌᨗ,makecci
ᨆᨀᨛᨔᨗ,makessing
ᨆᨀᨉᨘᨕ,makkadua
ᨆᨀᨕᨛᨊᨛ,makkaenneng
ᨆᨀᨕᨛᨄ,makkaeppa'
ᨆᨀᨀᨘᨕᨂᨙ,makkakkuangngè
ᨆᨀᨒᨙ,makkalè
ᨆᨀᨒᨗᨆᨕᨙ,makkalimaè
ᨆᨀᨒᨘ,makkalu'
ᨆᨀᨋᨙ,makkanrè
ᨆᨀᨄᨗᨈᨘ,makkapitu
ᨆᨀᨔᨙᨉᨗ,makkasèddi
ᨆᨀᨔᨛᨄᨘᨒᨚᨔᨙᨉᨗ,makkaseppulosèddi
ᨆᨀᨔᨙᨑ,makkasèra
ᨆᨀᨈᨛᨒᨘ,makkatellu
ᨆᨀᨈᨛᨊᨗ,makkatenni
ᨆᨀᨈ,makkatta
ᨆᨀᨘᨓᨑᨘ,makkawaru
ᨆᨀᨙᨕᨉᨛᨕᨙ,makkèade'è
ᨆᨀᨙᨅᨘ,makkèbbu'
ᨆᨀᨛᨉᨈᨚᨕᨗ,makkedatoi
ᨆᨀᨛᨉᨈᨚᨄᨗ,makkedatoppa
ᨆᨀᨛᨉ,makkedda
ᨆᨀᨛᨉᨕᨙ,makkeddaè
ᨆᨀᨛᨉᨕᨗ,makkeddai
ᨆᨀᨛᨉᨈᨚ,makkeddato
ᨆᨀᨛᨔᨗᨂᨙ,makkesingnge
ᨆᨀᨗᨈ,makkita
ᨆᨀᨗᨈᨕᨙ,makkitaè
ᨆᨀᨘᨕᨗ,makkui
ᨆᨀᨘᨕᨗᨑᨚ,makkuiro
ᨆᨀᨘᨀᨘᨕᨂᨙ,makkukkuangngè
ᨆᨀᨘᨀᨘᨕᨙ,makkukkuè
ᨆᨀᨘᨒᨕᨘ,makkulau
ᨆᨀᨘᨒᨗ,makkuli
ᨆᨀᨘᨊᨗᨑᨚ,makkuniro
ᨆᨀᨘᨋᨕᨗ,makkunrai
ᨆᨀᨘᨋᨕᨗᨕᨙ,makkunraiè
ᨆᨀᨘᨋᨕᨗᨊ,makkunrainna
ᨆᨀᨘᨈᨊ,makkutana
ᨆᨀᨘᨈᨚᨄᨑᨚ,makkutopparo
ᨆᨀᨘᨑ,makurang
ᨆᨒ,mala
ᨆᨒᨁᨗ,malagi
ᨆᨒᨕᨗ,malai
ᨆᨒᨍᨘ,malaju
ᨆᨒᨇᨙ,malampè'
ᨆᨒᨔ,malasa
ᨆᨒᨛᨅᨗ,malebbi
ᨆᨒᨛᨅᨗᨕᨙ,malebbiè
ᨆᨒᨛᨁᨛᨆᨘᨕ,maleggemua
ᨆᨒᨛᨇᨘ,malempu'
ᨆᨒᨗᨃᨕ,malingkaang
ᨆᨒᨄᨗ,mallapi’
ᨆᨒᨛᨒᨘ,mallelu
ᨆᨒᨗᨒ,mallila
ᨆᨒᨗᨇᨚ,mallimpo
ᨆᨒᨗᨋᨘ,mallinrung
ᨆᨒᨗᨋᨘᨊ,mallinrungna
ᨆᨒᨚᨆᨚ,mallomo
ᨆᨒᨘᨄᨕᨗ,mallupai
ᨆᨒᨘᨑᨘ,malluru
ᨆᨒᨚᨒᨚᨕᨙ,maloloè
ᨆᨒᨚᨄᨚ,maloppo
ᨆᨒᨚᨄᨚᨕᨙ,maloppoè
ᨆᨆᨘᨕᨑᨙᨕᨗ,mammuarè’i
ᨆᨆᨘᨍ,mammuja
ᨆᨆᨘᨒ,mammula
ᨆᨆᨘᨒᨂᨙ,mammulangngè
ᨆᨇᨛᨑᨘᨕᨗ,mamperui
ᨆᨊᨕᨗ,mana’i
ᨆᨏᨍᨗ,mancaji
ᨆᨏᨍᨗᨊᨗ,mancajini
ᨆᨊᨛ,maneng
ᨆᨊᨛᨊ,manengna
ᨆᨊᨛᨂᨗ,manengngi
ᨆᨊᨛᨊᨗ,manengni
ᨆᨊᨛᨔᨊᨗ,manessani
ᨆᨂᨈᨘ,mangatu'
ᨆᨃᨔ,mangkasa'
ᨆᨃᨔᨕᨙ,mangkasa’è
ᨆᨃᨕᨘ,mangkau
ᨆᨃᨕᨘᨕᨙ,mangkau'è
ᨆᨂᨚᨒᨚ,mangngolo
ᨆᨂᨘᨑᨘᨔᨘ,mangngurusu
ᨆᨂᨘᨈᨘᨂᨗ,manguntungi
ᨆᨊᨗ,mani
ᨆᨊᨗᨄᨗ,manipi’
ᨆᨊᨔᨘᨕᨗ,mannasui
ᨆᨊᨛᨊᨘᨂᨛ,mannennungeng
ᨆᨊᨛᨔ,mannessa
ᨆᨋᨙ,manrè
ᨆᨋᨙᨕᨗ,manrèi
ᨆᨊᨘ,manu’
ᨆᨊᨘᨑᨘ,manurung
ᨆᨕᨚᨇᨙᨂᨙ,maompèngngè
ᨆᨄᨚᨏᨚ,maponco'
ᨆᨄᨚᨏᨚᨆᨗ,maponco’mi
ᨆᨄᨉᨕᨚᨑᨊᨙ,mappadaoranè
ᨆᨄᨖ,mappahang
ᨆᨄᨖᨂᨗ,mappahangngi
ᨆᨄᨕᨗᨔᨛᨂᨙᨂᨛ,mappaissengngènge
ᨆᨄᨍᨘᨂᨙ,mappajungngè
ᨆᨄᨀᨒᨛᨅᨗᨕᨙ,mappakalebbiè
ᨆᨄᨀᨈᨘᨊ,mappakatuna
ᨆᨄᨀᨙ,mappakè
ᨆᨄᨀᨙᨓᨙ,mappakèwè
ᨆᨄᨂᨍᨀᨚ,mappangajako
ᨆᨄᨊᨛᨔ,mappannessa
ᨆᨄᨋᨔᨑᨔ,mappanrasa-rasa
ᨆᨄᨎᨘᨀᨗ,mappanyuki
ᨆᨄᨔᨛ,mappaseng
ᨆᨄᨔᨛᨂᨗ,mappasengngi
ᨆᨄᨔᨗᨒᨗ,mappassili
ᨆᨄᨔᨘᨀᨘ,mappassukku
ᨆᨄᨕᨘᨓ,mappauwang
ᨆᨄᨙᨍᨛᨄᨘ,mappèjeppu
ᨆᨄᨙᨔᨕᨘ,mappèssau
ᨆᨄᨘᨍᨗ,mappuji
ᨆᨄᨘᨊᨕᨗ,mappunnai
ᨆᨄᨘᨊᨕᨗᨕᨙ,mappunnaiè
ᨆᨑᨍ,maraja
ᨆᨑᨛ,marè'
ᨆᨑᨙᨒᨕᨘ,marèllau
ᨆᨑᨛᨄᨙᨕᨙ,mareppè'è
ᨆᨑᨗᨒᨒᨛ,marilaleng
ᨆᨑᨗᨕᨚᨒᨚᨕᨙ,marioloè
ᨆᨑᨗᨄᨛᨕᨗ,marippe’i
ᨆᨑᨙᨃᨒᨗᨂ,marrèngngkalinga
ᨆᨑᨘᨀᨗ,marruki'
ᨆᨑᨘᨀᨗᨕᨗ,marruki'i
ᨆᨔᨒ,masala
ᨆᨔᨒᨆᨘ,masalamu
ᨆᨔᨒᨊ,masalana
ᨆᨔᨈ,masantang
ᨆᨔᨑᨀ,masaraka’
ᨆᨔᨙᨆᨔᨙ,masè-masè
ᨆᨔᨙᨇᨚ,masempo
ᨆᨔᨙᨊ,masèna
ᨆᨔᨛᨄᨘᨒᨚᨕᨙᨕᨛᨄ,maseppuloè eppa'
ᨆᨔᨛᨄᨘᨒᨚᨕᨙᨈᨛᨒᨘ,maseppuloè tellu
ᨆᨔᨛᨑᨚ,masero
ᨆᨔᨗᨉᨘ,masidu
ᨆᨔᨗᨓᨓ,masiwawang
ᨆᨔᨚᨒᨔᨚᨒ,masola-sola
ᨆᨔᨚᨒᨔᨚᨒᨕᨙ,masola-solaè
ᨆᨔᨕᨗᨒᨙ,massailè
ᨆᨔᨙᨉᨗᨄ,masseddipa
ᨆᨔᨛᨒᨚᨆᨚᨕᨙ,masselomoè
ᨆᨔᨛᨔᨘ,massessung
ᨆᨔᨗᨒᨙᨔᨘᨑᨛᨂᨗ,massilessurengngi
ᨆᨔᨗᨄ,massipa'
ᨆᨔᨚᨅᨘ,massobbu
ᨆᨔᨚᨅᨘᨔᨚᨅᨘ,massobbu-sobbu
ᨆᨔᨘᨒ,massula'
ᨆᨔᨘᨇᨛᨕᨗ,massumpe'i
ᨆᨔᨘᨑᨚᨀ,massuroka'
ᨆᨔᨘᨔᨘ,massusung
ᨆᨈ,mata
ᨆᨈᨕᨗ,matai
ᨆᨈᨍᨂᨗ,matajangngi
ᨆᨈᨊ,matana
ᨆᨈᨋᨙ,matanrè
ᨆᨈᨔ,matasa
ᨆᨈᨔᨊ,matasa'na
ᨆᨈᨙ,matè
ᨆᨈᨙᨕᨑᨗᨈᨘ,matèaritu
ᨆᨈᨙᨊ,matèna
ᨆᨈᨗᨋᨚ,matinro
ᨆᨈᨗᨋᨚᨕᨙ,matinroe
ᨆᨈᨚᨕ,matoa
ᨆᨈᨑᨊ,mattarana
ᨆᨈᨛᨒᨘ,mattellu
ᨆᨈᨛᨈᨘ,mattentu
ᨆᨈᨚᨒ,mattola
ᨆᨈᨘ,matu’
ᨆᨕᨘ,mau’
ᨆᨕᨘᨊᨗ,mau’ni
ᨆᨕᨘᨇᨛ,maumpe’
ᨆᨕᨘᨄᨛ,maupe'
ᨆᨕᨘᨈᨚᨊᨗ,mau'toni
ᨆᨙᨅᨘ,mèbbu’
ᨆᨙᨉᨗᨕ,mèdia
ᨆᨍᨛᨄᨘ,mejjeppu
ᨆᨛᨀ,mekka
ᨆᨛᨒᨛ,melle'
ᨆᨛᨒᨛᨑᨗᨓᨗ,melleriwi
ᨆᨙᨒᨚᨆᨚ,mèlo'mo
ᨆᨙᨒᨚ,mèlong
ᨆᨙᨆᨛ,mèmeng
ᨆᨙᨆᨛᨊ,mèmengna
ᨆᨙᨆᨙᨂ,mèmengnga
ᨆᨙᨆᨙᨊᨗ,mèmènni
ᨆᨙᨆᨊ,mèmmana'
ᨆᨙᨋᨙ,mènrè’
ᨆᨙᨕᨚᨇᨒᨚ,mèompalo
ᨆᨙᨑᨀᨗ,meraiki'
ᨆᨙᨈᨙᨑᨙ,mètèrè'
ᨆᨙᨈ,mètta
ᨆᨙᨈᨛ,mètte'
ᨆᨛᨈᨚᨊᨗ,mettonni
ᨆᨙᨓᨕᨗ,mèwai
ᨆᨗᨌᨘ,miccu
ᨆᨗᨊᨔ,minasa
ᨆᨗᨊᨔᨕᨙ,minasaè
ᨆᨗᨊᨘᨂᨗ,minungngi
ᨆᨗᨔᨛᨂᨗ,missengngi
ᨆᨗᨈᨕᨗ,mitai
ᨆᨗᨈᨘ,mitu
ᨆᨚᨉᨒ,modala
ᨆᨚᨉᨙᨒᨙ,modèlè
ᨆᨚᨒᨗᨕᨗ,molli’i
ᨆᨚᨒᨚᨕᨗ,moloi
ᨆᨚᨇᨚ,mompo'
ᨆᨚᨉᨚ,mondong
ᨆᨚᨋᨚ,monro
ᨆᨚᨋᨚᨕᨗ,monroi
ᨆᨚᨋᨚᨀᨘ,monroku'
ᨆᨚᨈᨚᨑᨚᨆᨗ,motoro'mi
ᨆᨚᨈᨚᨑᨚᨊ,motoro'na
ᨇ,mpa
ᨆᨘᨕ,mua'
ᨆᨘᨌᨄᨕᨗ,mucapa'i
ᨆᨘᨕᨙᨒᨚ,muèlong
ᨆᨘᨖᨆ,muhamma
ᨆᨘᨕᨗᨊᨄ,muinappa
ᨆᨘᨕᨗᨔᨛᨂᨗ,muissengi
ᨆᨘᨍᨚᨄ,mujoppa
ᨆᨘᨀᨗᨕᨗ,muki’i
ᨆᨘᨒᨕᨗ,mulai
ᨆᨘᨆᨌᨐ,mumaccaya
ᨆᨘᨆᨉᨙᨌᨙ,mumadècèng
ᨆᨘᨆᨉᨚᨀᨚ,mumadoko
ᨆᨘᨆᨁᨛᨈᨛ,mumagetteng
ᨆᨘᨆᨒᨙᨓᨛ,mumalèwe
ᨆᨘᨋᨗᨊ,munrinna
ᨆᨘᨕᨚᨋᨚ,muonro
ᨆᨘᨄᨔᨗᨒᨚᨓᨂᨗ,mupasilowangngi
ᨆᨘᨄᨗ,mupi
ᨆᨘᨄᨚᨁᨕᨘ,mupogau'
ᨆᨘᨄᨒᨗᨋᨘ,muppalinrung
ᨆᨘᨔᨒᨙᨕᨂᨗ,musallèangngi
ᨆᨘᨔᨑᨚ,musaro
ᨆᨘᨔᨒᨆᨛ,mussalame
ᨆᨘᨈᨑᨚ,mutaro
ᨆᨘᨈᨙᨕ,mutèa
ᨆᨘᨈᨛᨒᨘ,mutellu
ᨆᨘᨈᨆᨕᨗ,muttama’i
ᨆᨘᨈᨆᨊ,muttamana
ᨆᨘᨈᨆᨊᨊ,muttamanana
ᨆᨘᨈᨘᨉ,mutudang
ᨊ,na
ᨊ,na
ᨊᨒ,na'ala
ᨊᨅᨌ,nabaca
ᨊᨅᨌᨕᨗ,nabacai
ᨊᨅᨌᨈᨚᨕᨗ,nabacatoi
ᨊᨅᨒᨘ,nabalu’
ᨊᨅᨗ,nabi
ᨊᨅᨗᨈ,nabitta’
ᨊᨅᨒᨗ,naboli
ᨊᨅᨘᨑᨊᨙ,naburane
ᨊᨌᨒᨗᨂᨛᨀᨗ,nacalingeki
ᨊᨌᨘᨕᨙᨑᨗ,naccuèri
ᨊᨌᨙᨌᨙ,nacèccè
ᨊᨌᨙᨌᨙᨊᨗ,nacèccèni
ᨊᨉᨑᨑᨗ,naddarari
ᨊᨕᨙᨀᨗᨕ,naèkkia
ᨊᨕᨙᨒᨕᨘᨕᨗ,naèllaui
ᨊᨕᨙᨒᨚ,naèlong
ᨊᨕᨙᨒᨚᨂᨛᨀᨗ,naèlongekki
ᨊᨕᨙᨒᨚᨂᨗ,naèlongngi
ᨊᨕᨙᨓ,naèwa
ᨊᨁ,naga
ᨊᨁᨛᨄᨕᨗ,nageppai
ᨊᨁᨛᨄᨈᨚᨕᨗ,nageppatoi
ᨊᨁᨗᨒᨗᨆᨘᨕ,nagilingmua
ᨊᨕᨗᨕ,naia
ᨊᨕᨗᨕᨀᨗᨕ,naiakkia
ᨊᨕᨗᨉᨗ,naidik
ᨊᨕᨗᨀᨗᨕ,naikkia
ᨊᨕᨗᨊᨄ,nainappa
ᨊᨕᨗᨔᨛᨂᨗ,naissengngi
ᨊᨕᨗᨐ,naiyya
ᨊᨍᨆ,najama
ᨊᨍᨛᨄᨘᨕᨗ,najeppui
ᨊᨍᨛᨄᨘᨕᨗᨓᨗ,najeppuiwi
ᨊᨀᨆᨒᨀᨛ,nakkamalakeng
ᨊᨀᨙᨁᨘᨊ,nakkègunang
ᨊᨀᨚ,nakko
ᨊᨒᨆᨘᨕ,nalamua’
ᨊᨒᨕᨚ,nalao
ᨊᨒᨕᨚᨊ,nalaona
ᨊᨒᨑ,nalara'
ᨊᨒᨑᨔᨗ,nalara'si
ᨊᨒᨙᨄᨛᨕᨗ,nalèpè'i
ᨊᨒᨙᨈᨙᨕᨗ,nalètèi
ᨊᨒᨘᨑᨘ,nalluru
ᨊᨒᨚᨒᨚᨂᨛ,nalolongeng
ᨊᨆᨌᨛᨊᨗ,namacenning
ᨊᨆᨕᨙᨒᨚ,namaèlo
ᨊᨆᨏᨍᨗ,namancaji
ᨊᨆᨄᨌᨛ,namapace'
ᨊᨆᨕᨘᨈᨚᨊᨗ,namau'toni
ᨊᨆᨛᨒᨛᨑᨗᨕᨙ,namelleriè
ᨊᨆᨘᨒᨕᨚ,namulao
ᨊᨊᨔᨘ,nanasu
ᨊᨕᨚᨀᨗᨕᨗ,naoki'i
ᨊᨕᨚᨒ,naola
ᨊᨄᨖ,napahang
ᨊᨄᨖᨂᨗ,napahangngi
ᨊᨄᨍᨍᨗᨂᨛᨀᨗ,napajajingeki
ᨊᨄᨀᨈᨍᨕᨗ,napakatajangi
ᨊᨄᨀᨈᨍᨂᨗ,napakatajangngi
ᨊᨄᨀᨈᨍᨊᨗ,napakatajanni
ᨊᨄᨀᨙ,napakè
ᨊᨄᨀᨙᨁᨘᨊᨕᨗ,napakkègunai
ᨊᨄᨀᨙᨒᨚᨑᨗᨕᨙ,napakkèloriè
ᨊᨄᨒᨛᨈᨘᨀᨛ,napalettukeng
ᨊᨄᨒᨚᨆᨚᨕᨗᨀᨗ,napalomoiki'
ᨊᨄᨊᨛᨔᨕᨗ,napannessai
ᨊᨄᨄᨚᨒᨙ,napapolè
ᨊᨄᨑᨛᨒᨘᨕᨂᨙ,naparelluangè
ᨊᨄᨑᨛᨒᨘᨕᨂᨗ,naparelluangi
ᨊᨄᨑᨛᨒᨘᨕᨂᨗ,naparelluangngi
ᨊᨄᨑᨙᨈᨕᨙ,naparèntaè
ᨊᨄᨔᨛᨂᨗᨕᨙ,napasengiè
ᨊᨄᨔᨙᨔ,napasèssa
ᨊᨄᨙᨉᨙ,napèdèk
ᨊᨄᨙᨍᨛᨄᨘᨕᨗ,napèjeppui
ᨊᨄᨛᨑᨛᨒᨘᨓᨂᨙ,naperelluwangè
ᨊᨄᨛᨑᨛᨒᨘᨓᨂᨗ,naperelluwangi
ᨊᨄᨗᨋ,napinra
ᨊᨄᨚᨕᨉ,napoada
ᨊᨄᨚᨕᨉᨕᨉᨕᨗ,napoada-adai
ᨊᨄᨚᨕᨉᨕᨉᨈᨚᨊᨗ,napoada-adatonni
ᨊᨄᨚᨅᨘᨕ,napobua
ᨊᨄᨚᨍᨗ,napoji
ᨊᨄᨚᨒᨀᨕᨗ,napolakkai
ᨊᨄᨚᨒᨙ,napolè
ᨊᨄ,nappa
ᨊᨄᨘᨊᨕᨗᨕᨙ,nappunnaiè
ᨊᨄᨘᨍᨗ,napuji
ᨊᨄᨘᨍᨗᨕᨙ,napujiè
ᨊᨄᨘᨈᨛᨄᨛ,naputeppe
ᨊᨑᨇᨙ,narampè
ᨊᨑᨙᨀᨚ,narèkko
ᨊᨑᨗᨕᨀᨈᨚᨕᨗ,nariakka'toi
ᨊᨑᨗᨕᨒ,nariala
ᨊᨑᨗᨕᨔᨒᨛᨂᨗ,nariassalengi
ᨊᨑᨗᨅᨛᨈᨘᨕᨂᨗ,naribettuangi
ᨊᨑᨗᨍᨍᨗᨕ,narijajiang
ᨊᨑᨗᨆᨀᨘᨕᨊᨊᨑᨚ,narimakuannanaro
ᨊᨑᨗᨄᨖ,naripahang
ᨊᨑᨗᨄᨈᨛᨈᨘ,naripattentu
ᨊᨑᨗᨄᨗᨈᨛᨊᨕᨗ,naripitennai
ᨊᨑᨗᨄᨘᨍᨗ,naripuji
ᨊᨑᨗᨈᨅᨕᨗ,naritambai
ᨊᨑᨗᨈᨙᨇᨚᨊ,naritèmpona
ᨊᨑᨗᨈᨗᨓᨗ,naritiwi'
ᨊᨑᨗᨓᨙᨑᨙᨊ,nariwèrènna
ᨊᨑᨚᨇᨑᨚᨇᨕᨗ,narompa-rompai
ᨊᨑᨘᨄᨕᨗ,narupai
ᨊᨔᨅ,nasaba’
ᨊᨔᨒ,nasala
ᨊᨔᨋᨙᨁ,nasanrègak
ᨊᨔᨛ,naseng
ᨊᨔᨗ,nasi
ᨊᨔᨗᨅᨓᨕᨗ,nasibawa'i
ᨊᨔᨅᨑᨗᨕᨗ,nassabari
ᨊᨔᨘᨑᨚ,nasuro
ᨊᨈᨅᨒᨙ,natabbalè'
ᨊᨈᨇᨘᨕᨙ,natampu’è
ᨊᨈᨊᨛ,nataneng
ᨊᨈᨄᨗ,natappi
ᨊᨈᨑᨚ,nataro
ᨊᨈᨛᨆᨀ,natemmaka
ᨊᨈᨛᨑᨗ,naterri
ᨊᨈᨗᨓᨗ,natiwi'
ᨈᨘᨅᨘᨀᨘ,natubuku
ᨊᨈᨘᨍᨘ,natuju
ᨊᨈᨘᨒᨗᨕᨁᨕᨚ,natulianggao
ᨊᨈᨘᨑᨘᨔᨗ,naturusi
ᨊᨕᨘᨀᨗ,nauki'
ᨊᨕᨘᨀᨗᨕᨗ,nauki’i
ᨊᨕᨘᨒᨙ,naullè
ᨊᨕᨘᨒᨙᨕᨗ,naullei
ᨊᨓᨊᨓ,nawa-nawa
ᨊᨓᨛᨉᨗ,nawedding
ᨏ,nca
ᨊᨙᨊᨙ,nènè'
ᨊᨙᨊᨙᨊ,nènè'na
ᨊᨛᨊᨒᨕᨚ,nennalao
ᨊᨛᨊᨗᨕ,nennia
ᨃ,ngka
ᨊᨗᨁᨑᨚ,nigaro
ᨊᨗᨄᨗ,nippi
ᨊᨄᨗᨆᨘ,nippimu
ᨊᨗᨑᨚ,niro
ᨊᨗᨑᨘᨒᨙ,nirullè
ᨊᨚ,no'
ᨊᨚᨆᨚᨑᨚ,nomoro’
ᨋ,nra
ᨎᨆᨛ,nyameng
ᨏᨓᨀᨘ,nyawaku
ᨎᨚᨋᨗ,nyonri
ᨕᨚ,o
ᨕᨚᨀᨛᨈᨚᨅᨛᨑᨛ,oketobere'
ᨕᨚᨒ,olo
ᨕᨚᨋᨚᨊ,onronna
ᨕᨚᨑᨚᨕᨊᨙ,oroanè
ᨕᨚᨑᨚᨓᨊᨙ,orowanè
ᨕᨚᨔᨚ,osong
ᨕᨚᨈᨀᨘ,otakku
ᨕᨚᨈᨚ,oto
ᨄ,pa
ᨄᨅᨒᨘ,pabbalu’
ᨄᨅᨊᨘᨕᨕᨙ,pabbanuaè
ᨄᨅᨊᨘᨓᨕᨙ,pabbanuwaè
ᨄᨅᨗᨕᨔᨕᨙ,pabbiasaè
ᨄᨅᨗᨌᨑᨕᨙ,pabbicaraè
ᨄᨌᨛᨆᨙᨊ,paccemmèna
ᨄᨉ,pada
ᨄᨉᨕᨗ,padai
ᨄᨉᨆᨘ,padamu
ᨄᨉ,padang
ᨄᨉᨊᨗ,padani
ᨄᨉᨈᨚ,padato
ᨄᨉᨈᨚᨖ,padatoha
ᨄᨉᨈᨚᨕᨗ,padatoi
ᨄᨉᨕᨗ,paddai
ᨄᨉᨑᨛ,paddare’
ᨄᨉᨛᨄ,paddeppa
ᨄᨉᨗᨔᨛᨂᨛ,paddissengeng
ᨄᨉᨚᨕᨂᨛ,paddoangeng
ᨄᨁᨃᨊ,pa'gangkanna
ᨄᨁᨒᨘ,paggalung
ᨄᨖ,pahang
ᨄᨖᨂᨗ,pahangngi
ᨄᨕᨗᨆᨛ,paimeng
ᨄᨕᨗᨊᨘᨀᨚ,painukko
ᨄᨍᨊᨛᨂᨗ,pajanengi
ᨄᨍᨊᨛᨔ,pajanessa
ᨄᨍᨒ,pajjala
ᨄᨀᨌᨄᨘᨑᨛᨂᨙ,pakacappurengngè
ᨄᨀᨆᨔᨙ,pakamasè
ᨄᨀᨈᨍᨂᨗ,pakatajangngi
ᨄᨀᨙ,pakè
ᨄᨀᨙᨕᨈ,pakèatta
ᨄᨀᨙᨓᨙ,pakèwè
ᨄᨀᨊ,pakkanna
ᨄᨀᨊᨕᨙ,pakkannaè
ᨄᨀᨊᨊ,pakkannana
ᨄᨀᨊᨛᨔ,pakkannessa
ᨄᨀᨛᨉ,pakkeddang
ᨄᨀᨛᨉᨂᨙ,pakkeddangè
ᨄᨀᨙᨁᨘᨊ,pakkèguna
ᨄᨀᨙᨁᨘᨊᨕᨙ,pakkègunaè
ᨄᨀᨙᨁᨘᨊᨕᨗ,pakkègunai
ᨄᨀᨗᨈ,pakkita
ᨄᨀᨘᨒᨙ,pakkullèng
ᨄᨀᨘᨈᨊ,pakkutana
ᨄᨀᨘᨈᨊᨕᨙ,pakkutanaè
ᨄᨒᨙᨒᨙᨕᨗ,palèlèi
ᨄᨒᨛᨔᨄᨊ,palesapana
ᨄᨒᨛᨈᨘᨀᨛᨂᨗ,palettukengngi
ᨄᨒ,pallak
ᨄᨒᨘᨑᨛ,pallureng
ᨄᨆᨑᨙᨈᨈ,pamarèntata
ᨄᨆᨈᨙ,pamattè'
ᨄᨆᨔᨑᨛ,pammasareng
ᨄᨆᨔᨙ,pammasè
ᨄᨆᨔᨙᨕᨗ,pammasèi
ᨄᨆᨚᨈᨚᨑᨚ,pammotoro'
ᨄᨆᨘᨒᨊᨆᨗ,pammulannami
ᨄᨏᨕᨗᨈᨊ,pancaitana
ᨄᨏᨍᨗᨕᨙ,pancajiè
ᨑᨗᨄᨏᨍᨗᨊ,pancajina
ᨄᨂᨉᨛᨑᨛ,pangadereng
ᨄᨂᨍ,pangaja
ᨄᨂᨍᨕᨙ,pangajaè
ᨄᨂᨍᨊ,pangajana
ᨄᨂᨑᨘᨊ,pangaruna
ᨄᨂᨙᨑᨘ,pangèrru’
ᨄᨂᨙᨑᨘᨊ,pangèruna
ᨄᨖᨗᨕᨊ,panghiana’
ᨄᨂᨗᨔᨛᨂᨛᨂᨙ,pangisengengngè
ᨄᨂᨘᨍᨘᨕᨗ,pangujui
ᨄᨊᨛᨔᨕᨗ,pannessai
ᨄᨊᨛᨔᨈᨚᨕᨗ,pannessatoi
ᨄᨋᨙ,panrè
ᨄᨄᨉ,pappada
ᨄᨄᨉᨕᨗ,pappadai
ᨄᨄᨖᨈ,pappahatta’
ᨄᨄᨀᨒᨛᨅᨗ,pappakalebbi
ᨄᨄᨀᨈᨍ,pappakatajang
ᨄᨄᨀᨈᨍᨊ,pappakatajanna
ᨄᨄᨂᨍᨕᨙ,pappangajaè
ᨄᨄᨂᨍ,pappangngaja’
ᨄᨄᨔ,pappasa’
ᨄᨄᨔᨗᨒᨕᨗᨂᨛ,pappasilaingeng
ᨄᨄᨙᨄᨌᨗ,pappèppaccing
ᨄᨑᨁᨛᨑ,paragera'
ᨄᨑᨁᨛᨑᨄᨛ,paragerape
ᨄᨑᨍᨕᨙᨂ,parajaèngnga
ᨄᨑᨆᨈᨕᨗ,paramatai
ᨄᨑᨑ,pararang
ᨄᨑᨈᨙᨀᨊᨗ,parattèkanni
ᨄᨑᨛᨒᨘ,parellu
ᨄᨑᨛᨒᨘᨕᨙ,parelluè
ᨄᨑᨛᨒᨘᨕᨗ,parellui
ᨄᨑᨙᨈᨊ,parentana
ᨄᨑᨙᨄᨑᨙ,parè-parè
ᨄᨑᨗᨕ,paria
ᨄᨑᨚᨉ,parronda
ᨄᨑᨘᨄᨑᨘ,parupparung
ᨄᨔᨕᨙ,pasa’è
ᨄᨔᨒᨕᨗ,pasalai
ᨄᨔᨛ,paseng
ᨄᨔᨛᨊ,pasenna
ᨄᨔᨛᨈ,pasetta'
ᨄᨔᨗᨕᨈᨕᨗ,pasiattai
ᨄᨔᨒᨛ,passaleng
ᨄᨔᨒᨛᨊ,passalenna
ᨄᨔᨙᨒᨙ,passèllè’
ᨄᨔᨙᨂᨛᨑᨛᨂᨙᨉᨙ,passèngerengngèdè
ᨄᨔᨛᨑᨗ,passerring
ᨄᨔᨘᨔᨕᨗ,pasusai
ᨄᨈᨗᨆ,patimah
ᨄᨈᨗᨑᨚᨕ,patiroang
ᨄᨈᨋ,pattanra
ᨄᨈᨛᨒᨑᨛ,pattellareng
ᨄᨈᨚᨒ,pattola
ᨄᨕᨘᨕ,pauang
ᨄᨕᨘᨒᨙ,paullè
ᨄᨕᨘᨓᨂᨗ,pauwwangngi
ᨄᨓ,pawang
ᨄᨛᨉᨗ,peddi’
ᨄᨙᨉᨙ,pèdè'
ᨄᨙᨉᨙᨕᨗ,pèdè'i
ᨄᨙᨍᨛᨄᨘᨕᨗ,pèjeppui
ᨄᨙᨀᨚᨁᨕᨗ,pèkkogai
ᨄᨙᨀᨚᨁᨊ,pèkkogana
ᨄᨙᨀᨚᨁᨗ,pèkkogi
ᨄᨙᨀᨚᨈᨚᨁᨗ,pèkkotogi
ᨄᨙᨒᨙᨕ,pèlèang
ᨄᨙᨆᨙᨂᨗ,pèmèngngi
ᨄᨙᨂᨚᨑᨙᨅᨊ,pèngorèbanang
ᨄᨛᨑᨙᨔᨚᨊ,perèsona
ᨄᨛᨑᨛᨈᨆ,peretama
ᨄᨙᨑᨙ,pèrrè
ᨄᨛᨈ,petta
ᨄᨛᨈᨘ,pettu
ᨄᨛᨈᨘᨊᨗ,pettuni
ᨄᨗᨉᨗᨕᨚ,pidio
ᨄᨗᨉᨗᨕᨚᨊ,pidiona
ᨄᨗᨒᨚᨔᨚᨄᨗ,pilosopi
ᨄᨗᨒᨚᨔᨚᨄᨗᨊ,pilosopina
ᨄᨗᨈᨘ,pitu
ᨄᨗᨈᨘᨄᨘᨒᨚ,pituppulo
ᨄᨚ,po
ᨄᨚᨕᨉ,poada
ᨄᨚᨕᨉᨕᨉᨕᨙ,poada-adaè
ᨄᨚᨕᨉᨕᨉᨕᨗ,poada-adai
ᨄᨚᨕᨊ,poana’
ᨄᨚᨕᨊᨕᨗ,poana'i
ᨄᨚᨌᨚᨌᨚᨕᨙ,pococoè
ᨄᨚᨒᨀᨕᨗ,polakkai
ᨄᨚᨒᨙ,polè
ᨄᨚᨒᨙᨕᨊ,polèanna
ᨄᨚᨒᨙᨕᨗ,polèi
ᨄᨚᨒᨗᨔᨗ,polisi
ᨄᨚᨒᨗᨔᨗᨊ,polisina
ᨄᨚᨊᨙᨆᨛ,ponème
ᨄᨚᨊᨙ,ponèng
ᨄᨚ,pong
ᨄᨚᨂᨙ,pong’è
ᨄᨚᨁᨓᨊ,pongawana
ᨄᨑᨚᨊᨚᨆᨗᨊ,poronomina
ᨄᨚᨔᨗᨑᨗ,posiri’
ᨄᨘᨕ,puang
ᨄᨘᨌᨛᨕᨙ,puce’è
ᨄᨘᨕᨙᨅᨚᨀᨚ,puèbokong
ᨄᨘᨕᨗᨔᨗ,puisi
ᨄᨘᨕᨗᨔᨗᨕᨙ,puisiè
ᨄᨘᨕᨗᨔᨗᨊ,puisina
ᨄᨘᨍᨗᨕᨙ,pujiè
ᨄᨘᨒᨊ,pulana
ᨄᨘᨒᨗᨔᨛᨕᨗ,pulise'i
ᨄᨘᨒᨚ,pulo
ᨄᨘᨊᨕᨗ,punnai
ᨄᨘᨑ,pura
ᨄᨘᨑᨕᨙ,puraè
ᨄᨘᨑᨊ,purana
ᨄᨘᨑᨊᨗ,purani
ᨄᨘᨑᨊᨗᨑᨚ,puraniro
ᨄᨘᨈᨋᨕᨗ,putanrai
ᨄᨘᨈᨋᨕᨗᨕᨙᨂᨗ,putanraièngngi
ᨄᨘᨈᨙ,putè
ᨄᨘᨈᨙᨊ,putèna
ᨄᨘᨈᨙᨈ,putèta
ᨄᨘᨓ,puwang
ᨑ,ra
ᨑᨉᨗᨕᨚᨕᨙ,radioè
ᨑᨍ,raja
ᨑᨍᨕᨗ,rajai
ᨑᨍ,rajang
ᨑᨍᨙ,rajèng
ᨑᨇ,rampa
ᨑᨇᨑᨇᨕᨙ,rampa-rampaè
ᨑᨇᨙ,rampè
ᨑᨇᨙᨑᨇᨙ,rampè-rampè
ᨑᨄᨂᨗ,rapangi
ᨑᨄᨊ,rapanna
ᨑᨄ,rappang
ᨑᨈᨘ,ratu'
ᨑᨕᨘ,raung
ᨑᨙᨀᨚ,rèkko
ᨑᨛᨊᨘ,rennu
ᨑᨛᨊᨘᨈ,rennuta'
ᨑᨗ,ri
ᨑᨗᨕᨑᨘ,ri arung
ᨑᨗᨅᨚᨊᨙ,ri bonè
ᨑᨗᨅᨘᨉᨘᨊ,ri bundu'na
ᨑᨗᨀᨈᨚᨑᨚ,ri kantoro
ᨑᨗᨒᨒᨛᨇᨊᨘᨓ,ri lalempanuwa
ᨑᨗᨒᨒᨛ,ri laleng
ᨑᨗᨒᨒᨛᨊ,ri lalenna
ᨑᨗᨒᨄᨂᨂᨙ,ri lapangangngè
ᨑᨗᨆᨈᨍ,ri matajang
ᨑᨗᨔᨒᨗᨓᨛ,ri saliweng
ᨑᨗᨔᨗᨉᨙᨋᨙ,ri sidenreng
ᨑᨗᨕᨁᨘᨑᨘᨕᨗ,riaggurui
ᨑᨗᨕᨁᨘᨑᨘᨂᨙᨓᨙ,riaggurungngèwè
ᨑᨗᨕᨀ,riakka’
ᨊᨑᨗᨕᨀ,riakka'ni
ᨑᨗᨕᨀᨑᨘᨂᨛᨊ,riakkarungenna
ᨑᨗᨕᨒ,riala
ᨑᨗᨕᨒᨙ,rialè
ᨑᨗᨕᨒᨛᨇᨘᨑᨛᨂᨙ,rialempurengè
ᨑᨗᨕᨒᨙᨊ,rialèna
ᨑᨗᨕᨆᨔᨙᨕᨗ,riamasèi
ᨑᨗᨕᨋᨙ,rianrè
ᨑᨗᨕᨄᨑᨛᨒᨘᨕ,riapparelluang
ᨑᨗᨕᨄᨔᨋᨙᨔᨛ,riappasanrèseng
ᨑᨗᨕᨄᨈᨗᨑᨚᨕᨊᨗ,riappatiroanni
ᨑᨗᨕᨔᨛ,riase’
ᨑᨗᨕᨔᨛ,riaseng
ᨑᨗᨕᨔᨛᨂᨗ,riasengi
ᨑᨗᨕᨔᨛᨆᨘᨈᨚᨕᨗ,riasengmutoi
ᨑᨗᨕᨔᨛᨂᨙ,riasengngè
ᨑᨗᨕᨔᨗᨕᨆᨔᨙᨂᨙ,riassiamasèngngè
ᨑᨗᨕᨈᨆᨘ,riatammu
ᨑᨗᨕᨓ,riawa
ᨑᨗᨅᨌ,ribaca
ᨑᨗᨅᨌᨅᨌᨕᨙ,ribaca-bacaè
ᨑᨗᨅᨒᨉᨕᨙ,ribalandaè
ᨑᨗᨅᨒᨘ,ribalu’
ᨑᨗᨅᨉ,ribandang
ᨑᨗᨅᨔ,ribasa
ᨑᨗᨅᨚᨒᨙᨅᨚᨒᨙᨊ,ribolèbolèna
ᨑᨗᨅᨚᨈᨗᨂᨙ,ribottingngè
ᨑᨗᨌᨛᨆᨙ,ricemmè
ᨑᨗᨌᨛᨆᨙᨓᨙ,ricemmèwè
ᨑᨗᨌᨛᨇᨕᨙ,ricempaè
ᨑᨗᨉᨙᨌᨙᨂᨙ,ridècèngè
ᨑᨗᨉᨗ,ridi'
ᨑᨗᨉᨘᨄ,riduppa
ᨑᨗᨕᨛᨅᨘᨕᨙ,rièbbuè
ᨑᨗᨕᨙᨁᨊ,rièganna
ᨑᨗᨕᨙᨊᨍᨕᨗᨕᨙ,riènnajaiè
ᨑᨗᨕᨛᨔᨚᨕᨙ,riessoè
ᨑᨗᨁᨕᨘ,rigau'
ᨑᨗᨁᨛᨊ,rigenna
ᨑᨗᨁᨗᨒᨗ,rigiling
ᨑᨗᨕᨗᨔᨛ,riisseng
ᨑᨗᨍᨍᨗᨕᨂᨗ,rijajiangi
ᨑᨗᨒᨕᨗᨊᨕᨙ,rilainnaè
ᨑᨗᨒᨕᨗᨊᨕᨙᨑᨚ,rilainnaèro
ᨑᨗᨒᨒᨚᨕᨗ,rilalloi
ᨑᨗᨒᨙᨒᨙᨕ,rilèlèang
ᨑᨗᨒᨛᨔᨘᨑᨛ,rilessureng
ᨑᨗᨒᨚᨒᨚᨂᨛᨂᨗ,rilolongengngi
ᨑᨗᨆᨀᨛᨉᨊ,rimakkeddana
ᨑᨗᨆᨈᨗᨋᨚᨕᨙ,rimatinroè
ᨑᨗᨆᨛᨒᨛᨑᨗ,rimelleri
ᨑᨗᨆᨛᨒᨛᨑᨗᨕᨙ,rimelleriè
ᨑᨗᨆᨘᨒ,rimula
ᨑᨗᨆᨘᨋᨗ,rimunri
ᨑᨗᨕᨚ,rio
ᨑᨗᨕᨚᨒᨚ,riolo
ᨑᨗᨕᨚᨒ,rioloi
ᨑᨗᨕᨚᨒᨚᨊ,riolona
ᨑᨗᨕᨚᨒᨚᨈ,riolota’
ᨑᨗᨕᨚᨑᨗᨊ,riorinna
ᨑᨗᨕᨚᨈ,riota
ᨑᨗᨄᨅᨛᨈᨘᨕᨂᨗ,ripabbettuangngi
ᨑᨗᨄᨅᨗᨌᨑᨕᨙ,ripabbicaraè
ᨑᨗᨄᨉᨊ,ripadanna
ᨑᨗᨄᨉᨈ,ripadatta
ᨑᨗᨄᨖ,ripahang
ᨑᨗᨄᨖᨂᨗ,ripahangi
ᨑᨗᨄᨖᨊᨗ,ripahanni
ᨑᨗᨄᨍᨊᨛᨂᨗ,ripajanengi
ᨑᨗᨄᨀᨈᨍ,ripakatajang
ᨑᨗᨄᨀᨙ,ripakè
ᨑᨗᨄᨀᨙᨁᨘᨊ,ripakkèguna
ᨑᨗᨄᨆᨑᨙᨈᨈ,ripamarètata
ᨑᨗᨄᨆᨘᨒᨕᨗ,ripammulai
ᨑᨗᨄᨏᨍᨗᨕᨙ,ripancajiè
ᨑᨗᨄᨏᨍᨗᨊ,ripancajinna
ᨑᨗᨄᨂᨗᨔᨛᨂᨛᨂᨙ,ripangisengengngè
ᨑᨗᨄᨂᨍ,ripangngaja'
ᨑᨗᨄᨂᨘᨍᨘ,ripanguju
ᨑᨗᨄᨂᨘᨍᨘᨕᨙ,ripangujuè
ᨑᨗᨄᨄᨚᨒᨙ,ripappolè
ᨑᨗᨄᨑᨛᨊᨘᨓᨂᨗᨊᨗ,riparennuwangini
ᨑᨗᨄᨔᨕᨙ,ripasa'è
ᨑᨗᨄᨔ,ripasak
ᨑᨗᨄᨔᨗᨌᨚᨌᨚᨊ,ripasicoco’na
ᨑᨗᨄᨔᨒᨛᨊ,ripassalenna
ᨑᨗᨄᨔᨗᨑᨗᨊ,ripassirinna
ᨑᨗᨄᨈᨚᨒ,ripattola
ᨑᨗᨄᨗᨍᨛᨔᨗ,ripije'si
ᨑᨗᨄᨚᨕᨉ,ripoada
ᨑᨗᨄᨚᨕᨉ,ripoadang
ᨑᨗᨄᨚᨁᨕᨘ,ripogau
ᨑᨗᨄᨕᨗᨔᨛᨂᨂᨗ,rippaissengangi
ᨑᨗᨄᨛᨊ,rippe'na
ᨑᨗᨄᨘᨕᨉ,ripuada
ᨑᨗᨄᨘᨕᨉᨕᨗ,ripuadai
ᨑᨗᨄᨘᨍ,ripuji
ᨑᨗᨄᨘᨑᨊ,ripurana
ᨑᨗᨄᨘᨓ,ripuwang
ᨑᨗᨄᨘᨓᨂᨙ,ripuwangngè
ᨑᨗᨑᨘᨈᨘ,riruntu’
ᨑᨗᨔᨄ,risappa’
ᨑᨗᨔᨙᨕᨍᨗᨆᨘ,risèajimmu
ᨑᨗᨔᨙᨉᨗᨕᨙ,risèddiè
ᨑᨗᨔᨙᨔᨙᨊ,risèsèna
ᨑᨗᨔᨚᨅᨘ,risobbu
ᨑᨗᨔᨛ,risseng
ᨑᨗᨔᨘᨑᨚ,risuro
ᨑᨗᨔᨘᨑᨚᨕᨙ,risuroè
ᨑᨗᨔᨘᨔᨘᨂᨗ,risusungngi
ᨑᨗᨈᨅᨕᨗᨊᨗ,ritambaini
ᨑᨗᨈᨂᨕᨗ,ritanga'i
ᨑᨗᨈᨕᨘ,ritau
ᨑᨗᨈᨓᨕᨗ,ritawai
ᨑᨗᨈᨛᨒ,ritella’
ᨑᨗᨈᨛᨒᨕᨙ,ritellaè
ᨑᨗᨈᨛᨒᨕᨗ,ritella'i
ᨑᨗᨈᨛᨂ,ritengnga
ᨑᨗᨈᨛᨂᨊ,ritengngana
ᨑᨗᨈᨛᨄᨚᨉᨚᨆᨘ,riteppodomu
ᨑᨗᨈᨗᨀᨛᨂᨗ,ritikkengngi
ᨑᨗᨈᨘ,ritu
ᨑᨗᨈᨘᨍᨘ,rituju
ᨑᨗᨈᨘᨍᨘᨊ,ritujunna
ᨑᨗᨈᨘᨃᨛ,ritungke'
ᨑᨗᨕᨘᨀᨗ,riuki’
ᨑᨗᨕᨘᨀᨗᨊ,riuki’na
ᨑᨗᨕᨘᨒᨓᨛᨂᨙ,riulawengngè
ᨑᨗᨓᨙᨑᨙ,riwèrèng
ᨑᨗᨓᨛᨈᨘ,riwettu
ᨑᨗᨓᨛᨈᨘᨕᨙ,riwettuè
ᨑᨗᨐᨃᨛᨕᨗ,riyangke'i
ᨑᨗᨐᨔᨛᨂᨙ,riyasengè
ᨑᨚᨍᨚᨑᨚᨍᨚ,rojong-rojong
ᨑᨚᨇᨙᨁᨉᨗ,rompègading
ᨑᨚᨉ,ronda
ᨑᨚᨊ,ronna
ᨑᨘᨉᨗ,rudding
ᨑᨘᨀ,rukka
ᨑᨘᨄᨘ,rumpu'
ᨑᨘᨄ,rupa
ᨑᨘᨄᨆᨘ,rupamu
ᨑᨘᨄᨊ,rupanna
ᨑᨘᨄᨑᨘᨄᨊ,rupa-rupanna
ᨑᨘᨈᨘᨂᨛ,ruttungnge
ᨔ,sa
ᨔᨅ,saba’
ᨔᨅᨑ,sabbara'
ᨔᨅᨑᨕᨙ,sabbara'è
ᨔᨉᨕᨙ,saddaè
ᨔᨉᨛ,sade’
ᨔᨖᨅᨊ,sahaba’na
ᨔᨖᨛᨅᨉᨑ,sahebadara
ᨔᨕᨗ,sai
ᨔᨍ,sajang
ᨔᨍᨗᨊ,sajinna
ᨔᨀᨛᨔᨀᨛ,sakkek-sakkek
ᨔᨒ,sala
ᨔᨒᨕᨗ,salai
ᨔᨒᨄᨖᨀᨈᨘ,salapahakkatu
ᨔᨒᨔᨙᨉᨗ,salasèddi
ᨔᨒᨔᨙᨉᨗᨊ,salaseddina
ᨔᨒᨒᨖᨘ,sallallahu
ᨔᨒᨚ,salo
ᨔᨇ,sampang
ᨔᨇᨑᨍ,samparaja
ᨔᨆᨘᨈᨛᨄ,samuteppa
ᨔᨋᨚ,sanro
ᨔᨋᨚᨕᨙ,sanroè
ᨔᨊᨘ,sanu
ᨔᨄᨊ,sapana
ᨔᨄᨚ,sappo’
ᨔᨄᨚᨔᨗᨔᨛᨊ,sapposisenna
ᨔᨑᨕᨙ,saraè
ᨔᨑᨙᨀᨘᨕᨆᨛᨂᨗ,sarèkkuammengngi
ᨔᨔᨛᨈᨛᨑ,sasetera
ᨔᨔᨛᨈᨛᨑᨕᨙ,saseteraè
ᨔᨈᨘᨕᨙ,sattuè
ᨔᨓᨙ,sawè
ᨔᨓᨗᨈᨚ,sawitto
ᨔᨛᨅᨘ,sebbu
ᨔᨙᨉᨗ,sèddi
ᨔᨙᨉᨗᨕᨙ,sèddiè
ᨔᨙᨉᨗᨊ,sèddina
ᨔᨛᨒᨈ,selatan
ᨔᨙᨒᨙ,sèllè
ᨔᨛᨒᨛᨂᨙ,sellengngè
ᨔᨙᨂᨛᨑᨙᨆᨘ,sèngerengmu
ᨔᨙᨂᨛᨑᨛᨁᨙ,sèngerengngè
ᨔᨙᨂᨛᨈᨚᨊ,sènge'tona
ᨔᨛᨂᨛᨇᨒᨗᨊᨕᨗ,sengngengmpalinai
ᨔᨛᨄᨗᨊᨗ,seppini
ᨔᨛᨄᨘᨒᨚ,seppulo
ᨔᨙᨑᨙᨊ,sèrèna
ᨔᨙᨑ,sèrra'
ᨔᨛᨑᨗ,serring
ᨔᨛᨈᨘᨑᨘᨈᨘᨑᨛᨊ,seturuturena
ᨔᨙᨕᨘᨕᨕᨗ,sèuai
ᨔᨙᨕᨘᨓ,sèuwa
ᨔᨙᨕᨘᨓᨕᨙ,sèuwa'è
ᨔᨙᨕᨘᨕᨕᨗ,sèuwai
ᨔᨗ,si
ᨔᨗᨕ,sia
ᨔᨗᨕᨁ,siaga
ᨔᨗᨕᨁᨕᨗ,siagai
ᨔᨗᨕᨒ,siala
ᨔᨗᨕᨇᨗᨕᨇᨗ,siampi’ampi’
ᨔᨗᨕᨑᨕᨙ,siarè’
ᨔᨗᨕᨑᨙᨕᨑᨙ,siarè'-arè'
ᨔᨗᨕᨑᨙᨕᨑᨙᨕᨙᨉᨙ,siarè'-arè'èdè
ᨔᨗᨅᨒᨗ,sibali
ᨔᨗᨅᨓ,sibawa'
ᨔᨗᨅᨚᨒ,sibola
ᨔᨗᨌᨇ,sicampa
ᨔᨗᨌᨄᨘ,sicapu
ᨔᨗᨉᨙᨋᨙ,sidènrèng
ᨔᨗᨉᨘᨄ,siduppa
ᨔᨗᨍᨏᨗ,sijanci
ᨔᨗᨀᨕᨗᨀᨕᨗ,sikai'-kai'
ᨔᨗᨀᨗᨑᨛᨂᨗ,sikkirengi
ᨔᨗᨀᨚᨒᨕᨙ,sikolaè
ᨔᨗᨒᨅᨗ,silabi'
ᨔᨘᨒᨕᨗᨂᨛᨁ,silaingengga
ᨔᨗᨒᨕᨗᨂᨛᨂᨗ,silaingengngi
ᨔᨗᨒᨕᨗᨂᨛᨊ,silaingenna
ᨔᨗᨒᨄᨕᨙ,silappaè
ᨔᨗᨒᨛᨅᨕᨗ,silebbai
ᨔᨗᨒᨙᨂᨛᨁ,silèngngega
ᨔᨗᨒᨛᨎᨛᨑᨛ,silennyereng
ᨔᨗᨆ,sima'
ᨔᨗᨆᨒᨁᨕᨗ,simallagai
ᨔᨗᨆᨈ,simata
ᨔᨗᨃᨛᨑᨘ,singkeru'
ᨔᨗᨊᨗᨊ,sininna
ᨔᨗᨄ,sipa'
ᨔᨗᨄᨒᨙᨌᨙ,sipalèccè
ᨔᨗᨄᨊ,sipa'na
ᨔᨗᨄᨔᨗᨄ,sipa'-sipa'
ᨔᨗᨄᨔᨗᨄᨊ,sipa'-sipana
ᨔᨗᨄᨚᨂᨛᨊ,sipongenna
ᨔᨗᨄᨉ,sippada
ᨔᨗᨄᨉᨗᨕᨚ,sippaddio
ᨔᨗᨑᨇᨙ,sirampè
ᨔᨗᨑᨗ,siri’
ᨔᨗᨔᨙᨒᨙ,sisèllè
ᨔᨗᨔᨙᨒᨙᨔᨙᨒᨙ,sisèllèsèllè
ᨔᨗᨔᨙᨂᨛ,sisèngè'
ᨔᨗᨔᨚᨇᨘᨊ,sisompuna
ᨔᨗᨈᨑᨚ,sitaro
ᨔᨗᨈᨛᨂᨈᨛᨂᨕᨙ,sitengnga-tengngaè
ᨔᨗᨈᨛᨈᨚᨂᨛ,sitettongeng
ᨔᨗᨈᨗᨊᨍ,sitinaja
ᨔᨗᨈᨗᨊᨍᨕᨗ,sitinajai
ᨔᨗᨈᨗᨊᨍᨀᨗ,sitinajaki
ᨔᨗᨈᨗᨋᨚ,sitinro
ᨔᨗᨈᨚᨂᨛᨊ,sitongenna
ᨔᨗᨈᨚᨂᨛᨈᨚᨂᨛᨊ,sitongettongenna
ᨔᨗᨈᨗ,sitti
ᨔᨚᨅᨘ,sobbu
ᨔᨚᨔᨗᨕᨒᨛ,soiale'
ᨔᨚᨒᨂᨗ,solangi
ᨔᨚᨑᨙ,sorè
ᨔᨚᨑᨙᨕ,sorèang
ᨔᨚᨑᨚᨕᨗ,soro'i
ᨔᨚᨑᨚ,sorong
ᨔᨚᨑᨚᨂᨗ,sorongngi
ᨔᨚᨑᨚᨔᨚᨑᨚᨀᨚ,soro-soroko
ᨔᨘᨍᨗ,suji
ᨔᨘᨀᨘ,suku
ᨔᨘᨀᨘᨄ,sukupa
ᨔᨘᨒᨄ,sulapa'
ᨔᨘᨒᨓᨙᨔᨗ,sulawesi
ᨔᨘᨒᨛᨈ,suletan
ᨔᨘᨒᨙᨕᨗ,sullèi
ᨔᨘᨆᨈᨛᨑ,sumatera
ᨔᨘᨂᨛ,sunge'
ᨔᨘᨄ,suppa
ᨔᨘᨑᨛ,sure’
ᨔᨘᨑᨛ,sure’
ᨔᨘᨑᨚᨓᨙ,surowè
ᨔᨘᨑᨘᨁ,suruga
ᨈ,ta
ᨈᨕᨒ,taala
ᨈᨅᨒᨙ,tabbalè'
ᨈᨅᨘᨀ,tabbuka'
ᨈᨌᨗᨌᨛ,tacciceng
ᨈᨌᨗᨊᨇᨛᨆᨗ,taccinaampe'mi
ᨈᨁᨘᨑᨘᨕᨗ,taggurui
ᨈᨕᨗᨔᨛᨊᨗ,taissengni
ᨈᨕᨗᨈᨕᨗ,taitai
ᨈᨕᨗᨈᨊᨗ,taitani
ᨈᨍᨊ,tajanna
ᨈᨍᨛᨀᨚ,tajekko
ᨈᨀᨓᨗ,takawing
ᨈᨀᨈᨚᨑᨚ,takkatoro’
ᨈᨒᨕᨚ,talao
ᨈᨒᨕᨚᨊ,talaona
ᨈᨒᨄᨗᨔᨗ,talapisi
ᨈᨒᨗᨆ,ta'lima
ᨈᨒᨗᨓ,talliwa'
ᨈᨆᨕᨙᨁ,tamaèga
ᨈᨛᨆᨒᨁ,tammalaga
ᨈᨇᨘ,tampu’
ᨈᨇᨘᨕᨙ,tampu’è
ᨈᨇᨘᨕᨗ,tampu'i
ᨈᨇᨘᨀᨘᨕᨙ,tampukuè
ᨈᨊ,tana
ᨈᨊᨕᨙ,tanaè
ᨈᨁᨒᨛ,tanggala'e
ᨈᨂᨑᨛᨊ,tangngarenna
ᨈᨊᨗᨕ,tania
ᨈᨍ,tanja’
ᨈᨍᨊ,tanja'na
ᨈᨋ,tanra
ᨈᨋᨆᨘᨅ,tanramubba'
ᨈᨋᨊ,tanrana
ᨈᨋᨈᨋ,tanra-tanra
ᨈᨋᨈᨋᨊ,tanra-tanrana
ᨈᨄᨗᨊᨛᨉᨗᨂᨗ,tapineddingi
ᨈᨄᨒᨗᨇᨘ,tappalimpo
ᨈᨄᨒᨄᨒ,tappallak-pallak
ᨈᨄᨊ,tappana
ᨈᨄᨙᨑᨙ,tappèrrè
ᨈᨄᨗᨋᨕᨗ,tappinrai
ᨈᨑᨒ,tarala
ᨈᨑᨙᨑᨕᨘ,tarèkraung
ᨈᨑᨛᨊᨛ,tarenneng
ᨈᨑᨛᨄ,tareppa'
ᨈᨑᨚᨕᨗ,taroi
ᨈᨔᨙᨉᨗᨕᨙ,tassèddiè
ᨈᨔᨙᨑᨙᨕᨗ,tassèrè'i
ᨈᨔᨗᨅᨙᨈ,tassibètta
ᨈᨔᨗᨉᨘᨄ,tassiduppa
ᨈᨔᨗᨒᨇ,tassilampa’
ᨈᨈᨒᨛ,tattale'
ᨈᨈᨅᨊᨗ,tattambai
ᨈᨈᨊᨛ,tattaneng
ᨈᨈᨛᨒᨘ,tattellu
ᨈᨈᨛᨒᨘᨂᨛ,tattellunge
ᨈᨕᨘ,tau
ᨈᨕᨘᨕᨙ,tauè
ᨈᨕᨘ,taung
ᨈᨕᨘᨊ,taunna
ᨈᨓ,tawang
ᨈᨙᨕ,tèa
ᨈᨙᨕᨀᨗ,tèaki
ᨈᨙᨅᨑᨕᨗ,tèbara'i
ᨈᨛᨅᨀᨙ,tebbakè
ᨈᨙᨉᨚ,tèdong
ᨈᨙᨁᨕᨗ,tègai
ᨈᨙᨁᨀᨗ,tègaki’
ᨈᨛᨍᨒᨗ,tejjali
ᨈᨛᨀᨘ,tekku
ᨈᨙᨒᨚᨒ,tèllolang
ᨈᨛᨒᨚᨊᨚ,tellonno
ᨈᨛᨒᨘ,tellu
ᨈᨛᨒᨘᨕᨙ,telluè
ᨈᨛᨒᨘᨕᨗ,tellui
ᨈᨛᨆᨀ,temmaka
ᨈᨛᨆᨀᨇᨘᨒᨍᨛᨂᨙ,temmakkampulajengngè
ᨈᨛᨆᨒᨘᨄᨕᨗᨐᨙᨂᨗ,temmalupaiyèngngi
ᨈᨛᨆᨄᨅᨗᨊᨔ,temmappabinasa
ᨈᨛᨆᨄᨀᨙᨁᨘᨊ,temmappakkèguna
ᨈᨛᨆᨄᨕᨘ,temmappau
ᨈᨛᨆᨑᨘᨈᨘ,temmaruttung
ᨈᨛᨆᨔᨚᨒᨔᨚᨒ,temmasola-sola
ᨈᨛᨆᨈᨙ,temmatè
ᨈᨛᨆᨚᨋᨚᨕ,temmonroang
ᨈᨛᨆᨘᨔᨙᨂᨛ,temmusèngek
ᨈᨙᨇᨙ,tèmpè
ᨈᨛᨇᨛᨉᨗᨄᨗ,tempeddippi
ᨈᨙᨇᨚ,tèmpo
ᨈᨙᨇᨚᨊ,tèmpona
ᨈᨛᨂᨗᨊ,tenggina
ᨈᨛᨂ,tengnga
ᨈᨛᨊᨈᨚᨒ,tenna tola
ᨈᨛᨊᨕᨗᨈ,tennaita
ᨈᨛᨊᨀᨑᨘᨂᨗ,tennakkarungi
ᨈᨛᨊᨘᨂᨛᨊ,tennungenna
ᨈᨛᨋᨗᨕᨀᨇᨕᨙᨑᨛ,tenriakkampaèreng
ᨈᨛᨋᨗᨕᨄᨕᨘ,tenriappau
ᨈᨛᨋᨗᨅᨈᨅᨈᨈᨚᨕᨗ,tenribata-batatoi
ᨈᨛᨋᨗᨄᨉ,tenripada
ᨈᨛᨋᨗᨈᨕᨙ,tenritaè
ᨈᨛᨋᨘᨒᨙᨊᨗ,tenrullèni
ᨈᨛᨈᨘ,tentu
ᨈᨛᨄᨉ,teppada
ᨈᨛᨄᨉᨕᨗ,teppadai
ᨈᨛᨄᨍᨕᨗ,teppajai
ᨈᨛᨄᨄᨚᨒᨙ,teppapolè
ᨈᨛᨄᨕᨘᨊᨚ,teppauno
ᨈᨛᨄᨛᨈᨘ,teppettu
ᨈᨛᨄᨚᨒᨚ,teppolo
ᨈᨛᨄᨘ,teppu
ᨈᨛᨄᨘᨊ,teppuna
ᨈᨛᨄᨘᨑᨊ,teppurana
ᨈᨛᨑᨙ,terè'
ᨈᨛᨑᨙᨕᨙ,terè'è
ᨈᨛᨑᨗ,terri
ᨈᨛᨈᨄᨙᨑᨙ,tettappèrè
ᨈᨛᨈᨛ,tette'
ᨈᨛᨈᨙ,tette'
ᨈᨛᨈᨛᨊᨗ,tette'ni
ᨈᨙᨈᨚ,tettong
ᨈᨗᨋᨚ,tinro
ᨈᨗᨋᨚᨊ,tinrona
ᨈᨗᨓᨗᨀᨗ,tiwiki
ᨈᨚᨉᨚᨂᨗ,todongi
ᨈᨚᨖ,toha
ᨈᨚᨕᨗ,toi
ᨈᨚᨍᨘᨄᨉ,tojuppandang
ᨈᨚᨒᨙᨅ,tolèba
ᨈᨚᨆᨕᨙᨒᨚ,tomaèlo
ᨈᨚᨆᨔᨒᨙ,tomasallè
ᨈᨚᨆᨔᨙᨔ,tomasèssa
ᨈᨚᨆᨈᨚᨓ,tomatowa
ᨈᨚᨆᨈᨚᨓᨊ,tomatowanna
ᨈᨚᨆᨌᨑᨗᨈ,tommaccarita
ᨈᨚᨊ,tona
ᨈᨚᨂᨛ,tongeng
ᨈᨚᨂᨛᨂᨙ,tongengngè
ᨈᨚᨂᨛᨂᨗ,tongengngi
ᨈᨚᨂᨛᨊ,tongenna
ᨈᨚᨂᨛᨊᨗ,tongenni
ᨈᨚᨂᨛᨈᨚᨂᨛ,tonge-tongeng
ᨈᨚᨄ,toppa
ᨈᨚᨑᨗᨕᨚᨒᨚᨈ,toriolota
ᨈᨚᨑᨗᨄᨔᨛ,toripaseng
ᨈᨚᨑᨗᨓᨙᨒᨕᨗᨆᨘ,toriwèlaimmu
ᨈᨚᨔᨅᨑᨕᨙᨉᨙ,tosabbara'èdè
ᨈᨚᨔᨗᨅᨓ,tosibawa
ᨈᨆᨈᨆᨂᨛ,ttamattamangnge
ᨈᨘ,tu
ᨈᨘᨕ,tua’
ᨈᨘᨅᨘ,tubu
ᨈᨘᨉ,tudang
ᨈᨘᨉᨂᨛᨊ,tudangenna
ᨈᨘᨉᨊ,tudanna
ᨈᨘᨍᨘ,tuju
ᨈᨘᨀᨛᨊᨊ,tukennana
ᨈᨘᨒᨗ,tuli
ᨈᨘᨆᨄᨑᨗᨔᨗ,tumapa’risi'
ᨈᨘᨆᨙᨕ,tumèa
ᨈᨘᨆᨙᨕᨊ,tumèana
ᨈᨘᨆᨙᨊᨂ,tumènanga
ᨈᨘᨃᨛ,tungke’
ᨈᨘᨕᨚ,tuo
ᨈᨘᨕᨚᨀ,tuoka
ᨈᨘᨄᨒᨙᨊ,tupalè'na
ᨈᨘᨄᨘᨂᨙ,tuppungngè
ᨈᨘᨑᨗᨕᨚᨒᨚᨕᨙ,turioloè
ᨈᨘᨑᨗᨄᨏᨍᨗ,turipancaji
ᨈᨘᨑᨘᨑᨘᨄᨕᨙ,tururupaè
ᨈᨘᨓᨚ,tuwo
ᨕᨘᨕᨕᨙ,uaè
ᨕᨘᨉᨊᨗ,uddani
ᨕᨘᨁᨗ,ugi’
ᨕᨘᨁᨗᨕᨙ,ugi’è
ᨕᨘᨁᨗᨈ,ugitta’
ᨕᨘᨀᨗ,uki’
ᨕᨘᨀᨗᨕᨗ,uki'i
ᨕᨘᨀᨗᨀᨗ,ukiki
ᨕᨘᨀᨗᨊ,uki'na
ᨕᨘᨒᨛ,uleng
ᨕᨘᨆᨌᨗᨊ,umacinna
ᨕᨘᨆᨘᨑᨘ,umuru'
ᨕᨘᨃᨄ,ungkapang
ᨕᨘᨊᨗ,uni
ᨕᨘᨊᨗᨕᨀᨛᨂᨗ,uniakkengngi
ᨕᨘᨊᨗᨊ,uninna
ᨕᨘᨕᨚᨋᨚᨕᨗ,uonroi
ᨕᨘᨄᨕᨙᨋᨙ,upaènrè’
ᨕᨘᨑᨊᨙ,uranè
ᨕᨘᨔᨖ,usaha
ᨕᨘᨓᨕᨙ,uwaè
ᨕᨘᨓᨒ,uwala
ᨓ,wa
ᨓᨕᨒᨕᨗᨀᨘᨆᨛ,waalaikume
ᨓᨁᨙ,wage
ᨓᨍᨘᨕᨙ,wajuè
ᨓᨀᨂᨙ,wakkangngè
ᨓᨀᨈᨕᨗ,wakkattai
ᨓᨒ,wala
ᨓᨊᨘᨕ,wanua
ᨓᨊᨘᨓ,wanuwa
ᨓᨑᨇᨑ,waramparang
ᨓᨑᨙᨀᨉ,warèkkada
ᨓᨑᨙᨊᨗ,warènni
ᨓᨔᨒᨆ,wasallama
ᨓᨔᨙᨒᨙ,wassèlè’
ᨓᨈᨀᨒᨙ,watakkalè
ᨓᨓ,wawang
ᨓᨙ,wè
ᨓᨛᨉᨗ,wedding
ᨓᨛᨉᨗᨂᨗ,weddingi
ᨓᨛᨉᨗᨂᨙ,weddingngè
ᨓᨛᨉᨗᨊᨗ,weddinni
ᨓᨛᨉᨗᨈᨚᨕᨗ,weddittoi
ᨓᨙᨁᨊᨗ,wègani
ᨓᨛᨊᨗ,wenni
ᨓᨛᨊᨗᨊ,wenninna
ᨓᨙᨑᨙᨀᨉ,wèrèkkada
ᨓᨙᨑᨙᨀᨉᨕᨙ,wèrèkkadaè
ᨓᨛᨈᨘ,wettu
ᨓᨛᨈᨘᨕᨙ,wettuè
ᨓᨗᨍ,wija
ᨓᨗᨍᨊᨊᨕᨙᨂᨗ,wijennanaèngngi
ᨓᨗᨔᨛ,wisseng
ᨐᨅᨙ,yabè
ᨐᨚᨒᨚ,yolo
ᨐᨘᨔᨘᨄᨘ,yusupu
