aksara_latin,arti
abbacang,bacaan
abbacangngè,bacaan
abbatirenna,bekasnya
abbicara-bicarangeng,percakapan
abinasangngè,kebinasaan
abu,abu
accuanna,polanya
acennorenna,kenyaringannya
ada,kata
ada-adaè,kata-kata
adaè,kata
adanna,perkataanya
adatta',perkataan anda
addampeng,maaf
addidi,lidi
ade',adat
ade' pituè,dewan adat yang terdiri dari 7 orang
ade'ta,adat kita
aga,apa
agagaè,barang kita
agaganna,barangnya
agama,agama
agana,apakah
agatu,apa
aggurung,pelajaran
aggurungèdè,pembelajaran
aggurungèwè,pembelajaran
aggurungngè,pembelajaran
aisah,aisyah (nama orang)
aja',jangan
ajaretta,yang diajarkan
aja'to,jangan juga
ajattappareng,ajattappareng (nama tempat di pare-pare)
ajoppangetta',perjalanan hidup
akatuwongengngè,kehidupan
akatuwo-tuwongengngè,kehidupan
akessingeng,kebaikan
akessingenna,kebaikannya
akkalèbarakeng,dijadikan ibarat
akkalenna,akalnya
akkalèruddukeng,perbandingan
akkalibinèngengngè,berkeluarga
akkanrè-anrèna,tancapannya
akkarungeng,kerajaan
akkarungengè,kerajaan
akkarungenna,kerajaannya
akkataè,tujuan
akkatenningeng,pegangan
akkatta,tujuan
akkattana,tujuannya
akkatuonna,kehidupannya
akkatuwongè,kehidupan
akkatuwonna,dalam kehidupannya
akkèbettuangi,yang berarti
akkègunana,kegunaannya
akkègunangenna,kegunaannya
akkuasangenna,kekuasaannya
akorang,al-qur'an
ala,ambil
alaihi,alaihi
alaikum,alaikum
alè,diri
alè-alè,sendiri
alèku’,diriku
alempuko,jujurlah
alempureng,kejujuran
alempurengè,kejujuran
alèna,dirinya
alèta’,diri anda
alèwè,diri kita
ali,ali (nama orang)
alisi'mu,alismu
alitta,alitta (nama desa di pinrang)
alla,jua
allahu,allahu
alliri,tiang
amaccangenna,kepintarannya
amanna,ayahnya
amasagènangenge,kesuksesan
amaurènami,hanya keponakannya
ambo’ku’,bapakku
ambo’na,bapaknya
amina,amina (nama orang)
ammao,dalam
ammasi,siapa tahu
ampalajèngngekga,semak berlukar
ampè,sikap
ampulajeng,semak (nama tumbuhan)
amurènami,hanya pamannya
ana’,anak
ana’na,anaknya
ana'sikolaè,anak sekolah
andi,andi (gelar bangsawan untuk suku bugis)
anging,angin
angke',nilai
angke'-angke',nilai-nilai
angke'-angke'na,nilai-nilainya
angke'na,nilainya
anu,sesuatu
anurena,keponakannya
anyarang,kuda
apa',sebab
apaccingeng,kesucian
apaissengnge,diperkenalkan
api,api
appang,bahwa
apparèntangenna,pemerintahannya
appong,asal
appongenna,asal usul
ara',arab
araja,kekuasaan
arè’,hal
arua,delapan
arumponè,raja bone
arung,raja
arungna,rajanya
aruwa,delapan
asalamakengè,keselamatan
asè,padi
asellengengè,keislaman
aseng,nama
asenna,namanya
asèssangeng,kesulitan
asèwèritu,padi itu
asitolottolongenna,saling tolong-menolong
assalamu,assalamu
assalenna,asal usulnya
assilaingenna,perbedaannya
assilèo-lèoretta,kehidupan kita
assimellereng,berkasih-kasihan
assimellèrengta,cinta kita
assisompungenna,hubungannya
assiwolompolongngè,hidup berkeluarga
ataè,bawahan
atepperenna,kepercayaannya
ati,hati
atikku’,hati saya
atimmu,hatimu
atinna,hatinya
atinrono,tidurlah
atongengngè,kebenaran
atoreng,aturan
atoro',atur
attenning,pegang
atu,susun
atu'atu',susunan
atu-atuna,strukturnya
atukennana,kegunaannya
atuna,aturannya
atuong,kehidupan
atuongèng,hidup
atuongenna,kehidupannya
atuonna,hidupnya
atuwotta,hidup kita
awa,bawah
awaraningengngè,keberanian
awatangeng,kekuatan
awatangenna,kekuatannya
awatangennami,kekuatannyalah
ba,ba
babuamu,perutmu
baca,membaca
baca-baca,mantra
baca-bacaè,mantra itu
bacai,bacalah
baco,baco (sapaan untuk anak laki-laki bugis)
bagenda,baginda
baiccuè,yang kecil
bajoè,bajo
bakare',bakar (nama jalan di pare-pare)
balana’,belanak (ikan laut)
balandaè,belanda itu
balesena,bekalnya sudah habis
balessè,tempat yang terbuat dari daun lontara atau daun palem untuk menyimpan sesuatu
bali,jawab
bali',di balik
balini,jawablah
baliwi,jawablah
baliwi,lawanlah
balo,warna
balu’,menjual
balu’ku,jualan saya
balu'-balu'ku,daganganku
bampa,pukul
banna,dalam
bantuang,bantuan
bara',agar
barakka’,berkah
barakka’mu,berkahmu
barakkuammengngi,agar
barisi’,baris
barisi'na,barisnya
baru,baru
basa,bahasa
basana,bahasanya
baso,baso (nama orang)
bata',jagung
batèna,caranya
batèta,cara kita
batu,batu
bau',bau
bawang,hanya
bawangenna,bawaannya
bawanna,saja
bèbè,air liur
bedda’,bedak
beddu,beddu (nama orang)
bèla,kata sapaan pada teman yang akrab
bèlo,hias
bènnèng,andai
bentu’,bentuk
berru,barru
bètè,ikan teri (nama jenis ikan)
bettuang,makna
bettuanna,maknanya
bettuwanna,maknanya
bèu,beu (nama orang)
biasamutoai,biasa juga
biasani,dia sudah biasa
bicara,bicara
bicaraè,perkataan
bidadari,bidadari
bili’,kamar
biritta,berita
bokong,ketupat
bola,rumah
bolaèro,rumah itu
bolana,rumahnya
bolata’,rumah kita
bolong,hitam
bonè,bone (nama kabupaten di sulawesi selatan)
bosi,hujan
bottimparuè,pengantin baru
botting,pengantin
bottingngè,pengantin itu
buana,buahnya
budayawang,budayawan
buka,buka
buki',bukit
bulu’,gunung
bunga,kembang
bunge’,awal
bunge’è,yang awal
bunge’i,dia yang awal
bunge'na,awalnya
ca,ca
ca'bèruna,senyumnya
cahaya,cahaya
cahayamu,cahayamu
caiya,cahaya
cakkaruddu',mengantuk
campa',penyakit campak
cani’,madu
cani'i,madu itu
cappa’,ujung
cara,cara
caraddè’na,cakapnya
carana,caranya
carata,cara kita
carita,cerita
caritaè,cerita itu
caritai,ceritakan
cèddè'ka,saya hampir
cèkoè,kecurangan
cemmèko,mandilah
cenning,manis
cenningngè,yang manis
cenningrara,mantra pekasih
cèra',bukan bangsawan penuh
cinna,ingin
coco’ni,sudah cocok
colliq,colliq (nama salah satu pejuang wanita asal sulawesi selatan)
daèng,daeng
daèra,daerah
dara,gadis
dare’,kebun
datu’,datuk
daung,daun
dè',tidak
dè’è,tidak
dè’pa,belum
dè’tu,bukan
dècèkku,kebaikanku
dècèng,kebaikan
degaga,tidak ada
dèkga,tidak
dè'mèmengtonna,tidak memang
dèna’,tidak
dè'namarigaga,tidak apa-apa
dè'napa,belum
denniari,pada dini hari
dèpè,dp
deraja'na,derajatnya
dèsaè,desa
diuki’,ditulis
doang,doa
dokoè,sakit itu
dokoni,sakit
dua,dua
duaè,dua itu
duakkaju,dua ekor
duambatu,dua buah
duppa,bertemu
duta,melamar
èbbu’i,buatlah
èbbu’ki,buatlah
ègaè,banyak
èganna,berjumlah
èja,merah
èjaè,dia
ella-ella,menyerang musuh
èllau,minta
èlong,lagu
èlongngè,lagu
èlongngèro,lagu itu
èlonna,lagunya
engka,ada
engkaè,yang ada
engkaga,apakah ada
engkai,dia ada
èngkalingani,dengarlah
engkana,sudah ada
engkato,ada juga
enneng,enam
ennengngè,yang keenam
ènrèkki',naiklah
enrengè,dan
enrengètoppa,dan juga
eppa’,empat
eppa’i,berempat
èppa'è,empat
eppona,cucunya
èro,itu
èsakko,menyingkir
essoè,hari itu
esso-esso,sehari-hari
essona,harinya
èwangeppa,perjuangan
gaba,gabah
galung,sawah
gambèrè',gambir
garè,konon
gau’,pesta
giling,balik
go,go
golla,gula
golo’,bola
gowa,gowa (nama tempat dan nama kerajaan di sulawesi selatan)
guruè,guru itu
gurutta,guru kita
ha,ha
haddèse'è,hadist
hajji,haji
hamudding,hamuddin (nama orang)
harang,haram
harusupi,harus
hasang,hasan (nama orang)
hasanudding,hasanuddin (nama orang)
homonimeng,homonim
hurupu’,huruf
hurupu’na,hurufnya
husain,husain (nama orang)
i,i
ia,dia
iaggurui,dipelajari
iagguruini,dipelajarilah
iagguruiwi,dipelajari
iakkia,melainkan
ianaè,inilah
ianaritu,yaitu
ianaro,itulah
ianu,dia
iarègga,atau
ibaca,dibaca
ibacaè,yang dibaca
iberahim,ibrahim (nama sultan)
iderise,idris (nama orang)
idi’,anda
idi’na,anda saja
idikga,apakah anda
idinaga,apakah sudah gilirannya
iga,siapa
iko,kamu
ilaleng,di dalam
ilatini,dilatilah
illalla,illallah
inang,induk
inanrè,nasi
indah,indah
india,india
indo',ibu
indokku’,ibu saya
indonesiaè,indonesia itu
ininnawa,hati
ininnawaè,hati itu
ipakatajanngi,dijelaskan
ipalettu'è,yang disampaikan
ipannessai,diperjelas
irisseng,diketahui
irita,dilihat
ise’na,isinya
itanga',ditinjau
itani,lihatlah
iya’,saya
iyami,hanya ini
iyanaritu,yaitu
iyanu,dia
iyato,dia juga
iyya,yang
iyyaè,ini
iyyaro,itu
jaji,jadi
jakka,sisir
jala,jala
jamai,kerjakan
jama-jamanna,kerjaannya
jamang,kerjaan
jamangngengi,yang mengerjakan
jamanna,kerjaannya
jamatta’,kerjaan kita
janci,janji
janga’,burung merpati
jawaè,jawa
jèkkangngè,jalan
jènnè’,wudhu
joa’,pasukan
joa’na,pasukannya
jokka,jalan
joppa,jalan
joppani,dia sudah salah
jumelana,jumlahnya
ka,ka
kaddokbari,kuat makan
kaduanna,dua kalinya
kajajiang,kejadian
kajao,kajao
kakak,kakak
kallolo,anak muda
kallonna,kallona (raja gowa kesembilan)
kaloloè,anak muda
kaluku,kelapa
kamasè,kasihan
kaminang,paling
kampong,kampung
kampongngè,kampung itu
kantoro',kantor
karaèng,karaeng
karaketerisetina,karakteristiknya
karèba,kabar
karèbaè,kabar
karella,warna kuning keemasan (untuk bulu hewan)
karellaè,warna kuning keemasan (untuk bulu hewan)
katoro,teratur
kecamatang,kecamatan
kèdo,gerak
kedua,kedua
kègana,yang mana
kègani,dimana
kèloè,pengecut
kelurahang,keluarahan
kessi',pasir
kessinna,baiknya
keterangang,keterangan
kkita,lihat
kondae,nahkoda
kuabbekkeng,saya lilitkan di pinggang
kuaccaya,saya bercahaya
kuakkalèpu,saya menyatu
kuanrè,saya makan
kuattèkkè,saya membeku
kulariang,saya membawa lari
kulolang,saya berjalan
kulolongeng,saya mendapatkan
kumalolo,saya jadi muda
kumpayakun,kun fayakun
kuning,kuning
kupaseng,saya memberi pesan
kupelè,bait
kuripancaji,saya diciptakan
kuripasia,saya diusik
kusampèang,saya dibuang
kusanrègi,saya dituntun
kusèro,saya timba
kutantang,saya menantang
kutiroki',saya melihatmu
kuttu,pemalas
kuttuè,kemalasan
kuwaè,mustahil
kuwaènna,seperti
kuwaètoppa,begitu pula
la,la
laailaaha,laailaaha
labaco,baco (nama orang)
labeddu,beddu (nama orang)
labèla,sudah
ladde’i,sangat
lagu,lagu
lagu–laguna,lafal
laguna,lafalnya
laingnge,yang lain
lakallolo,anak muda
lakkai,suami
lakkelakkei,uraikan
lalè,sayang
laleng,dalam
lalengngè,jalan itu
lalenna,di dalamnya
lalo,lewat
lalomi,biasa
lamala,mala (nama orang)
lambogo,lambogo (nama jalan di pare-pare)
lampa',lembar
lampèri,panjangkan
lampuè,lampu itu
lamuru,lamuru
langi',langit
lao,ke
lao,pergi
laoè,kepergian
lao-lao,cara
laona,caranya
lapangangngè,lapangan itu
lapappura,yang hanya
lappa,rata
lappaè,kata-kata
lappa-lappa,patahan-patahan
lariangngi,membawa lari
larini,berlari
larudding,rudding (nama orang)
lasanu',sanu (nama orang)
lato'na,kakeknya
lawi’,tawar
lebbini,sudah lebih
lèccè,suku
lèmbamparang,lembang parang
lempu'è,kejujuran
lènggok-lènggoksai,goyang-goyangkanlah
lennye'ni,sudah hilang
lennye'toni,sudah hilang juga
lèppang,singgah
lètanan,letnan
lettu’,sampai
lèu,berbaring
lèweno,berkali-kali
lima,lima
lima,tangan
limaè,yang kelima
lino,dunia
linoè,dunia ini
lipa',sarung
lipa’na,sarungnya
lipunna,daerah
lise',isi
lise’na,isinya
liweng,ke seberang
lolang,berjalan
lolanno,berjalanlah
lolo,muda
lolongeng,mendapatkan
lolongengngi,mendapatkan
lontara,lontara
lontara’è,lontara
lontara'èro,lontara itu
lopi,perahu
loppo,besar
loroseng,bagian
lumu’,lumut
lurenna,penumpangnya
ma,ma
mabacaè,yang membaca
mabbaca,membaca
mabbaju,memakai baju
mabbanua,berpenduduk
mabbedda’,menggunakan bedak
mabbellè,berbohong
mabbenniwi,dia bermalam
mabbiasa,sudah biasa
mabbicara,berbicara
mabèla,jauh
mabèlapi,dari jauh
mabittè,berlaga untuk ayam
maccani,sudah pandai
maccayamupi,tetap bercahaya
maccemmè,memandikan
maddiaseki,lebih diatas
maddua,mendua
madduta,melamar
madècèkku,kebaikanku
madècèmmua',saya baik-baik saja
madècèng,baik
madècèngngè,yang baik
madècèngngi,dia baik
madècènni,lebih baik
madennuang,mengharapkan
madennuangngi,mengharapkan
madiasèkiwi,posisinya lebih di atas
madioloè,sebelumnya
madoko,sakit
maèga,banyak
maègaè,yang banyak
maèlo,mau
maèlo’i,dia mau
maèlo'è,yang akan
maèloki,dia mau
maèlokka,saya mau
maèlo'ni,sudah ingin
magatti',cepatlah
magattikki',lebih cepat
magello,baik
maggalummi,hanya bertani
maggalung,bertani
maggolo’,main bola
magguru,belajar
maggurui,dia belajar
magi,kenapa
mahemude,mahmud (nama orang)
mai,kemari
maittani,sudah lama
maja’,tidak baik
maja'tu,tidak baik
majjakka,menyisir
majjama,bekerja
makaaruwa,kedelapan
makassara’,kasar
makebèttuangi,yang berarti
makecci,rasanya kecut
makessing,bagus
makkadua,yang kedua
makkaenneng,yang keenam
makkaeppa',yang keempat
makkakkuangngè,yang sekarang
makkalè,sendiri
makkalimaè,yang kelima
makkalu',melilit
makkanrè,terhujam
makkapitu,yang ketujuh
makkasèddi,yang pertama
makkaseppulosèddi,yang kesebelas
makkasèra,yang kesembilan
makkatellu,yang ketiga
makkatenni,memegang
makkatta,sengaja
makkawaru,berharap
makkèade'è,yang beradab
makkèbbu',membuat
makkedatoi,berkata juga
makkedatoppa,berkata juga
makkedda,berkata
makkeddaè,yang mengatakan bahwa
makkeddai,dia berkata
makkeddato,berkata juga
makkesingnge,yang bagus
makkita,melihat
makkitaè,yang melihat
makkui,begitu
makkuiro,demikian
makkukkuangngè,sekarang
makkukkuè,sekarang
makkulau,makkulau
makkuli,keras
makkuniro,maka demikianlah
makkunrai,perempuan
makkunraiè,kaum wanita
makkunrainna,perempuannya
makkutana,bertanya
makkutopparo,begitu pula
makurang,kurang
mala,mengambil
malagi,khususnya
malai,mengambil
malaju,melayu
malampè',panjang
malasa,sakit
malebbi,berharga
malebbiè,yang lebih
maleggemua,kuat
malempu',jujur
malingkaang,malingkaan (salah satu raja gowa)
mallapi’,berlapiskan
mallelu,lupa
mallila,berlidah
mallimpo,berbaik pula
mallinrung,gaib
mallinrungna,gaibnya
mallomo,mallomo (nama orang)
mallupai,melupakan
malluru,maju
maloloè,muda
maloppo,besar
maloppoè,yang besar
mammuarè’i,semoga
mammuja,memuja
mammula,pertama
mammulangngè,yang awal
mamperui,menerpanya
mana’i,turunan
mancaji,menjadi
mancajini,maka menjadi
maneng,semua
manengna,semuanya
manengngi,semua
manengni,semuanya
manessani,sudah jelas
mangatu',mengatur
mangkasa',makassar
mangkasa’è,makassar itu
mangkau,raja
mangkau'è,raja itu
mangngolo,menghadap
mangngurusu,mengurus
manguntungi,manguntungi (raja gowa kesembilan)
mani,kata sandang untuk menandakan selalu
manipi’,tipis
mannasui,dia memasak
mannennungeng,sepanjang waktu
mannessa,jelas
manrè,makan
manrèi,dia makan
manu’,ayam
manurung,manurung
maompèngngè,kendor
maponco',pendek
maponco’mi,pendek saja
mappadaoranè,bersaudara (laki-laki)
mappahang,memahami
mappahangngi,memahami
mappaissengngènge,memperkenalkan
mappajungngè,mappajunge
mappakalebbiè,yang menghargai
mappakatuna,merendahkan
mappakè,menggunakan
mappakèwè,yang menggunakan
mappangajako,memberi nasihat
mappannessa,menjelaskan
mappanrasa-rasa,membuat sengsara
mappanyuki,mappanyuki (nama orang)
mappaseng,berpesan
mappasengngi,dia berpesan
mappassili,menyucikan
mappassukku,menyempurnakan
mappauwang,memberitahukan
mappèjeppu,memperjelas
mappèssau,melegakan
mappuji,menyukai
mappunnai,memiliki
mappunnaiè,yang mempunyai
maraja,besar
marè',sangat erat
marèllau,memohon
mareppè'è,yang terdekat
marilaleng,yang lebih dalam
marioloè,yang dahulu
marippe’i,secara singkat
marrèngngkalinga,mendengarkan
marruki',menulis
marruki'i,menuliskan
masala,masalah
masalamu,masalah kamu
masalana,masalahnya
masantang,bersantan
masaraka’,masyarakat
masè-masè,kesederhanaan
masempo,murah
masèna,bantuannya
maseppuloè eppa',yang keempat belas
maseppuloè tellu,yang ketiga belas
masero,sangat
masidu,pahit
masiwawang,bersama
masola-sola,yang gagah
masola-solaè,yang gagah
massailè,menoleh
masseddipa,menyatu
masselomoè,yang lentur
massessung,berlomba-lomba
massilessurengngi,dia bersaudara
massipa',bersifat
massobbu,sembunyi
massobbu-sobbu,secara sembunyi-sembunyi
massula',bersegi
massumpe'i,macet
massuroka',saya menyuruh
massusung,menyusun
mata,mata
matai,mata
matajangngi,sudah terang
matana,matanya
matanrè,tinggi
matasa,matang
matasa'na,murninya
matè,meninggal
matèaritu,tidak boleh
matèna,meninggalnya
matinro,tidur
matinroe,yang tidur
matoa,tua
mattarana,mengasuh anak
mattellu,yang ketiga
mattentu,menentu
mattola,mattola
matu’,nanti
mau’,biarpun
mau’ni,biarpun
maumpe’,tebal
maupe',beruntung
mau'toni,bagaimanapun
mèbbu’,kamu membuat
mèdia,media
mejjeppu,menjelaskan
mekka,mekkah
melle',kasih
melleriwi,menyukai
mèlo'mo,kamu mau
mèlong,melantunkan
mèmeng,memang
mèmengna,memangnya
mèmengnga,memang
mèmènni,sebelumnya
mèmmana',melahirkan
mènrè’,naik
mèompalo,kucing belang tiga
meraiki',mengajak
mètèrè',meter
mètta,sudah lama
mètte',berbicara
mettonni,benar-benar
mèwai,dia melawan
miccu,ludah
minasa,niat
minasaè,niat kita
minungngi,dia minum
missengngi,diketahui
mitai,melihat
mitu,itu
modala,modal
modèlè,model
molli’i,memanggilnya
moloi,menghadapi
mompo',muncul
mondong,mondong (nama orang)
monro,tinggal
monroi,dia tinggal
monroku',saat saya tinggal
motoro'mi,hanya motor
motoro'na,motornya
mpa,mpa
mua',mau
mucapa'i,meremehkan
muèlong,kamu menyanyikan
muhamma,muhammad
muinappa,kemudian
muissengi,ketahui bahwa
mujoppa,berjalan
muki’i,menuliskan
mulai,pada mulanya
mumaccaya,kamu bercahaya
mumadècèng,kamu baik
mumadoko,kamu sakit
mumagetteng,kamu tegas
mumalèwe,berulang
munrinna,dibelakangnya
muonro,kamu tinggal
mupasilowangngi,ikut sertakan
mupi,tetap
mupogau',yang kamu lakukan
muppalinrung,kamu sembunyikan
musallèangngi,kamu hempaskan
musaro,kamu untung
mussalame,mussalam
mutaro,gara-gara kamu
mutèa,kamu tidak mau
mutellu,kamu bertiga
muttama’i,dia masuk
muttamana,saat masuknya
muttamanana,saat masuknya
mutudang,kamu duduk
na,dan
na,na
na'ala,dia mengambil
nabaca,dia membaca
nabacai,dia membacanya
nabacatoi,dia membaca juga
nabalu’,dia menjual
nabi,nabi
nabitta’,nabi kita
naboli,boli
naburane,laki-laki
nacalingeki,dia menyimak
naccuèri,dia mengikuti
nacèccè,dia membenci
nacèccèni,dia sudah tidak suka
naddarari,yang hendak dicapai
naèkkia,namun
naèllaui,dia meminta
naèlong,dia melantunkan
naèlongekki,yang dia nyanyikan
naèlongngi,dia melantunkan
naèwa,dia lawan
naga,naga
nageppai,dia ditimpa
nageppatoi,dia ditimpa juga
nagilingmua,dia berbalik
naia,yang
naiakkia,namun
naidik,dan kami
naikkia,tetapi
nainappa,kemudian
naissengngi,dia mengetahui
naiyya,ialah
najama,yang dia dikerjakan
najeppui,dia mengetahui
najeppuiwi,dia memahami
nakkamalakeng,dia amalkan
nakkègunang,yang digunakan
nakko,jika
nalamua’,dia masih menangkap saya
nalao,dia pergi
nalaona,dia pergi
nalara',di renggangkan
nalara'si,dia renggangkan lagi
nalèpè'i,dia menjilat
nalètèi,dia menitinya
nalluru,dia kembali
nalolongeng,dia dapatkan
namacenning,dia manis
namaèlo,dia mau
namancaji,dia menjadi
namapace',dan tepat
namau'toni,walaupun
namelleriè,yang dia suka
namulao,dan dia pergi
nanasu,dia memasak
naoki'i,dia menulis
naola,dia lewat
napahang,dia paham
napahangngi,dia memahami
napajajingeki,dia memohon
napakatajangi,dia menjelaskan
napakatajangngi,dia menjelaskan
napakatajanni,dia menjelaskan
napakè,dia menggunakan
napakkègunai,dia mempergunakan
napakkèloriè,yang dia inginkan
napalettukeng,dia sampaikan
napalomoiki',dia memudahkan
napannessai,dia perjelas
napapolè,dia memperoleh
naparelluangè,yang dia perlukan
naparelluangi,dia memerlukan
naparelluangngi,dia memerlukan
naparèntaè,yang dia perintah
napasengiè,yang dipesan
napasèssa,dia menyiksa
napèdèk,semakin
napèjeppui,dia memahamkan
naperelluwangi,dia memerlukan
napinra,dia mengubah
napoada,yang dia ucapkan
napoada-adai,yang dia ucapkan berulang-ulang
napoada-adatonni,dia ucapkan juga
napobua,yang dia lakukan
napoji,dia sukai
napolakkai,dia persuamikan
napolè,dia datang
nappa,kemudian
napperelluwangè,yang dia butuhkan
nappunnaiè,dia miliki
napuji,dia menyukainya
napujiè,dia sukai
naputeppe,yang dia percaya
narampè,dia tuturkan
narèkko,jika
nariakka'toi,dia diangkat pula
nariala,diambil
nariassalengi,asal usulnya
naribettuangi,diartikan
narijajiang,dilahirkan
narimakuannanaro,oleh karena itu
naripahang,dipaham
naripattentu,ditentukan
naripitennai,difitnah
naripuji,disukai
naritambai,ditambahkan
naritèmpona,pada waktu
naritiwi',dibawa
nariwèrènna,dia diberi
narompa-rompai,dia menghalangi
narupai,dia mengenal
nasaba’,sebab
nasala,dia salah
nasanrègak,dia menuntunku
naseng,dia katakan
nasi,nasi
nasibawa'i,dia bersama
nassabari,penyebab
nasuro,dia menyuruh
natabbalè',terbalik
natampu’è,yang terkandung
nataneng,dia tanam
natappi,dia selipkan di pinggang
nataro,disebabkan
natemmaka,sangat
naterri,dia menangis
natiwi',dibawa
natubuku,dan tubuhku
natuju,yang menjadi tujuan
natulianggao,jangan sampai tersenggol
naturusi,yang dia andalkan
nauki',dia tulis
nauki’i,ditulisnya
naullè,dapat
naullei,dia dapat
nawa-nawa,perasaan
nawedding,agar dia dapat
nca,nca
nènè',nenek
nènè'na,neneknya
nennalao,kita pergi
nennia,tetapi
ngka,ngka
nigaro,siapakah itu
nippi,mimpi
nippimu,mimpimu
niro,sudah
nirullè,bisa
no',turun
nomoro’,nomor
nra,nra
nyameng,kenyamanan
nyawaku,nyawaku
nyonri,nyonri (salah satu raja gowa)
o,wahai
oketobere',oktober
olo,depan
onronna,tempatnya
oroanè,laki-laki
orowanè,laki-laki
osong,syair pembangkit semangat
otakku,otakku
oto,mobil
pa,pa
pabbalu’,penjual
pabbanuaè,penduduk
pabbanuwaè,penduduk itu
pabbiasaè,yang biasa
pabbicaraè,juru bicara
paccemmèna,yang memandikan
pada,sama
padai,dia sama
padamu,padamu
padang,padang
padani,dia sama dengan
padato,sama juga dengan
padatoha,sama juga dengan
padatoi,sama juga dengan
paddai,imbuhan
paddare’,petani (untuk kebun atau ladang)
paddeppa,pecahkan
paddissengeng,ilmu
paddoangeng,doa
pa'gangkanna,batasnya
paggalung,petani (untuk sawah)
pahang,paham
pahangi,pahamlah
paimeng,juga
painukko,minumlah
pajanengi,simaklah
pajanessa,kejelasan
pajjala,penangkap ikan
pakacappurengngè,yang terakhir
pakamasè,belas kasih
pakatajangngi,jelaskanlah
pakè,pakai
pakèatta,pakaian kita
pakèwè,memakai
pakkanna,pasukan perang
pakkannaè,pahlawan
pakkannana,tokohnya
pakkannessa,penjelas
pakkeddang,ungkapan
pakkeddangè,ungkapan itu
pakkèguna,gunakan
pakkègunaè,yang menggunakan
pakkègunai,gunakanlah
pakkita,penglihatan
pakkullèng,kemampuan
pakkutana,pertanyaan
pakkutanaè,pertanyaan itu
palèlèi,pindahkan
palesapana,falsafah
palettukengngi,sampaikanlah
pallak,pallak
pallureng,yang memuat
pamarèntata,pemerintah kita
pamattè',pamattè' (nama seorang syahbandar pada masa raja Gowa yang bergelar Tumapakrisik Kalonna)
pammasareng,dikubur
pammasè,rahmat
pammasèi,rahmatnya
pammotoro',orang yang naik motor
pammulannami,hanya awalnya
pancaitana,pancaitana (nama seorang ratu di kerajaan Bone)
pancajiè,dijadikan
pancajina,dijadikannya
pangadereng,budaya
pangaja,nasihat
pangajaè,nasihat
pangajana,nasihatnya
pangaruna,pengaruhnya
pangèrru’,pemikat
pangèruna,sugestinya
panghiana’,penghianat
pangisengengngè,pengetahuan
pangujui,mempersiapkan
pannessai,jelaskan
pannessatoi,jelaskan pula
panrè,makan
pappada,mirip
pappadai,mirip dengan
pappahatta’,pemahaman kita
pappakalebbi,penghargaan
pappakatajang,yang menjelaskan
pappakatajanna,penjelasannya
pappangajaè,nasihat
pappangngaja’,petuah/nasehat
pappasa’,pedagang
pappasilaingeng,yang membedakan
pappèppaccing,pembersih
paragera',paragraf
paragerape,paragraf
parajaèngnga,yang merajakan
paramatai,yang permata
pararang,biawak
parattèkanni,praktekanlah
parellu,perlu
parelluè,yang diperlukan
parellui,dia memerlukan
parentana,perintahnya
parè-parè,pare-pare
paria,paria
parronda,penjaga malam
parupparung,paru-paru
pasa’è,pasar itu
pasalai,tinggalkan
paseng,pesan
pasenna,pesannya
pasetta',pesan anda
pasiattai,samakan
passaleng,hal
passalenna,hal yang berkaitan dengan
passèllè’,ganti
passèngerengngèdè,perbuatan yang selalu dikenang
passerring,sapu
pasusai,menyulitkan
patimah,fatimah (nama anak nabi muhammad)
patiroang,pelajaran
pattanra,ciri khas
pattellareng,penamaan/istilah
pattola,generasi
pauang,memberitahukan
paullè,dapat
pauwwangngi,beritahukan
pawang,pawang
peddi’,sakit
pèdè',semakin
pèdè'i,semakin dia
pèjeppui,pahami
pèkkogai,bagaimana
pèkkogana,bagaimana
pèkkogi,bagaimana
pèkkotogi,bagaimana juga
pèlèang,jarikan
pèmèngngi,lain kali
pèngorèbanang,pengorbanan
perèsona,persona
peretama,pertama
pèrrè,geser
petta,petta (gelar bangsawan Bugis)
pettu,putus
pettuni,putuslah
pidio,video
pidiona,videonya
pilosopi,filosofi
pilosopina,filosifinya
pitu,tujuh
pituppulo,tujuh pulu
po,po
poada,menyebut
poada-adaè,menceritakan
poada-adai,ceritakan
poana’,pemilik anak
poana'i,yang melahirkannya
pococoè,yang sesuai
polakkai,bersuamikan
polè,dari
polèanna,penghasilannya/yang dibawa pulang
polèi,dari
polisi,polisi
polisina,polisinya
ponème,fonem
ponèng,fonem
pong,dasar
pong’è,yang dasar
pongawana,bosnya
poronomina,pronomina
posiri’,merasakan malu
puang,tuhan
puce’è,di puncak
puèbokong,belah ketupat
puisi,puisi
puisiè,puisi itu
puisina,puisinya
pujiè,pujie (nama salah satu pejuang wanita asal sulawesi selatan)
pulana,tidak berubah
pulise'i,ambillah
pulo,puluh
punnai,mempunyai
pura,telah
puraè,yang sudah
purana,saya telah
purani,dia telah
puraniro,setelah itu
putanrai,menandakan
putanraièngngi,yang menandakan
putè,putih
putèna,putihnya
putèta,putihnya anda
puwang,puang
ra,ra
radioè,radio itu
raja,raja
rajai,deras
rajang,rajam
rajèng,biasa
rampa,rempah
rampa-rampaè,orang yang tinggi
rampè,biografi
rampè-rampè,biografi
rapangi,contohnya
rapanna,seperti/contohnya
rappang,rappang (nama daerah atau tempat di Sulawesi selatan)
ratu',ratus
raung,daun
rèkko,jika
rennu,gembira
rennuta',suka
ri,di
ri arung,pada raja
ri bonè,di bone
ri bundu'na,pada masa perangnya
ri kantoro,di kantor
ri lalempanuwa,di dalam kampung
ri laleng,di dalam
ri lalenna,di dalamnya
ri lapangangngè,di lapangan
ri matajang,di matajang (nama tempat di Sulawesi Selatan)
ri saliweng,di luar
ri sidenreng,di sidenreng
ri tengnga,di tengah
ri tengngana,di tengahnya
riaggurui,dipelajari
riaggurungngèwè,pada yang dipelajari ini
riakka’,diangkat
riakka'ni,diangkat
riakkarungenna,di kerajaannya
riala,diambil
rialè,individu
rialempurengè,pada kejujuran
rialèna,pada dirinya
riamasèi,dikasihi
rianrè,dimakan
riapparelluang,dibutuhkan
riappasanrèseng,disandarkan
riappatiroanni,dideskripsikan
riase’,di atas
riaseng,disebut
riasengi,yang disebut
riasengmutoi,yang biasa disebut
riasengngè,yang bernama
riassiamasèngngè,kasih sayang
riatammu,kepada bawahanmu
riawa,di bawah
ribaca,dibaca
ribaca-bacaè,pada mantra
ribalandaè,dari belanda
ribalu’,dijual
ribandang,ri bandang
ribasa,di bahasa
ribolèbolèna,pribadinya
ribottingngè,pada pengantin
ricemmè,dimandikan
ricemmèwè,dimandikan
ricempaè,di pohon asam
ridècèngè,ke hal yang baik
ridi',dirimu
riduppa,bertemu
rièbbuè,yang dibuat
rièganna,pada banyaknya
riènnajaiè,yang disayangi
riessoè,pada hari ini
rigau',yang diperbuat
rigenna,seperti
rigiling,dibalik
riisseng,diketahui
rijajiangi,dilahirkan
rilainnaè,yang lain
rilainnaèro,selain itu
rilalloi,dilalui
rilèlèang,bertemu pandang
rilessureng,dilahirkan
rilolongengngi,kedapatan
rimakkeddana,saat berkata
rimatinroè,matinroe
rimelleri,diidolakan
rimelleriè,yang diidolakan
rimula,dari awal
rimunri,di belakang
rio,gembira
riolo,di depan
rioloi,dihadapi
riolona,di depannya
riolota’,di depan kita
riorinna,di periuknya
riota,keceriaan
ripabbettuangngi,diartikan
ripabbicaraè,dengan juru bicara
ripadanna,kepada sesamanya
ripadatta,sesama kita
ripahang,dipahami
ripahangi,kita memahami
ripahanni,dipahami
ripajanengi,dipahami
ripakatajang,diperjelas
ripakè,dipakai
ripakkèguna,digunakan
ripamarètata,di pemerintah kita
ripammulai,dimulai
ripancajiè,dijadikan
ripancajinna,diciptakannya
ripangisengengngè,pada pengetahuan
ripangngaja',pada nasihat
ripanguju,dirias
ripangujuè,yang dirias
ripappolè,diraih
riparennuwangini,diharapkan
ripasa'è,di pasar itu
ripasak,di tengah
ripasicoco’na,disesuaikan
ripassalenna,tentang
ripassirinna,di bawah cucuran atap
ripattola,ke generasi
ripije'si,direkatkan lagi
ripoada,dikatakan
ripoadang,diberitahu
ripogau,dilakukan
rippaissengangi,diperkenalkan
rippe'na,rangkuman
ripuada,dikatakan
ripuadai,dikatakan
ripuji,disuka
ripurana,setelah
ripuwang,dari puang
ripuwangngè,oleh puang
riruntu’,didapat
risappa’,dicari
risèajimmu,pada keluargamu
risèddiè,disatu
risèsèna,disisinya
risobbu,disembunyikan
risseng,dikenal
risuro,disuruh
risuroè,yang disuruh
risusungngi,disusun
ritambaini,ditambah
ritanga'i,ditinjau
ritau,pada orang
ritawai,dibagi
ritella’,yang disebut
ritellaè,yang disebut
ritella'i,disebut
riteppodomu,ketika lambat
ritikkengngi,ditangkap
ritu,itu
rituju,tujuan
ritujunna,dibawah
ritungke',dalam satu
riuki’,ditulis
riuki’na,ditulisnya
riulawengngè,dari emas
riwèrèng,diberi
riwettu,diwaktu
riwettuè,waktu itu
riyangke'i,dinilai
riyasengè,yang disebut
rojong-rojong,sebatang kara
rompègading,rompegading
ronda,ronda
ronna,suruhan
rudding,rudding
rukka,rukka (nama salah satu raja bone)
rumpu',rumput
rupa,macam
rupamu,wajahmu
rupanna,contohnya
rupa-rupanna,jenis-jenis
ruttungnge,yang runtuh
sa,sa
saba’,karena
sabbara',sabar
sabbara'è,kesabaran
saddaè,suara
sade’,sade (nama orang)
sahaba’na,sahabatnya
sahebandare,syahbandar
sai,penyakit
sajang,kecewa
sajinna,sendok nasinya
sakkek-sakkek,bermacam-macam
sala,salah
salai,itu salah
salapahakkatu,kamu salah paham
salasèddi,salah satu
salaseddina,salah satunya
sallallahu,sallallahu
salo,sungai
sampang,sampan
samparaja,dalam
samuteppa,salah sangka
sanro,dukun
sanroè,dukun itu
sanu,sanu
sapana,tangga tanpa anak tangga
sappo’,sepupu
sapposisenna,sepupu sekalinya
saraè,segala sedih
sarèkkuammengngi,semoga
sasetera,sastra
saseteraè,sastra itu
sattuè,sabtu itu
sawè,berkembang
sawitto,sawitto
sebbu,ribu
sèddi,satu
sèddiè,yang satu
sèddina,satunya
selatan,selatan
sèllè,pisah
sellengngè,islam
sèngerengmu,kenanganmu
sèngerengngè,kenangan kita
sènge'tona,saling berkasihan
sengngengmpalinai,putra tunggalnya
seppini,selipkan
seppulo,sepuluh
sèrèna,geraknya
sèrra',burung hantu
serring,menyapu
seturuturena,strukturnya
sèuai,sesuatu
sèuwa,suatu
sèuwa'è,yang satu
sèuwai,sesuatu
si,si
sia,apakah
siaga,berapa
siagai,berapa
siala,saling mengambil
siampi’ampi’,berdekat-dekatan
siarè’,banyak
siarè'-arè',berbagai jenis
siarè'-arè'èdè,yang saling terkait
sibali,berbalasan
sibawa',dengan
sibola,satu rumah
sicampa,memuji
sicapu,mencumbu
sidènrèng,sidenreng
siduppa,bertemu pandang
sijanci,saling berjanji
sikai'-kai',saling terkait
sikkirengi,membawa
sikolaè,sekolah
silabi',silabik
silaingengga,berbeda
silaingengngi,berbeda
silaingenna,selainnya
silappaè,sepatah
silebbai,saling membenci
silèngngega,apakah berbeda
silennyereng,saling hilang
sima',jimat
simallagai,selalu bertengkar
simata,terlihat
singkeru',singkeru' (nama salah satu raja bone)
sininna,setiap
sipa',sifat
sipalèccè,saling merajuk
sipa'na,sifatnya
sipa'-sipa',sifat-sifat
sipa'-sipana,karakter
sipongenna,sejak
sippada,seperti
sippaddio,saling gembira
sirampè,saling mengenang
siri’,malu
sisèllè,bergantian
sisèllèsèllè,saling bergantian
sisèngè',saling kenang
sisompuna,berhubungan
sitaro,saling menyimpan
sitengnga-tengngaè,orang yang bimbang
sitettongeng,saling berdiri
sitinaja,sesuai
sitinajai,sepatutnya
sitinajaki,sudah sepatutnya
sitinro,tidur
sitongenna,hakikat
sitongettongenna,hakikatnya
sitti,sitti
sobbu,sembunyi
soiale',sosial
solangi,merusak
sorè,datang
sorèang,soreang
soro'i,mundur
sorong,dorong
sorongngi,dorong
soro-soroko,mundurlah
suji,ketupat
suku,suku
sukupa,utuh
sulapa',segi
sulawesi,sulawesi
suletan,sultan
sullèi,mengganti
sumatera,sumatera
sunge',umur
suppa,suppa
sure’,huruf
sure’,surat
surowè,bawahan
suruga,surga
ta,ta
taala,taala
tabbalè',terbalik
tabbuka',terbuka
tacciceng,sesekali
taccinaampe'mi,hanya sebentar
taggurui,dipelajari
taissengni,sudah diketahui
taitai,lihatlah
taitani,lihatlah
tajanna,terangnya
tajekko,menunggu
takawing,berjalin
takkatoro’,teratur
talao,kita pergi
talaona,kita pergilah
talapisi,televisi
ta'lima,masing-masing lima
talliwa',berlebihan
tamaèga,banyak
tammalaga,tak pernah berlaga
tampu’,mengandung
tampu’è,yang mengandung
tampu'i,mengandung
tampukuè,yang salah bentuk
tana,tanah
tanaè,tanah itu
tanggala'e,tanggal
tangngarenna,pandangannya
tania,bukan
tanja’,bentuk
tanja'na,bentuknya
tanra,ciri
tanramubba',tak akan muncul
tanrana,cirinya
tanra-tanra,ciri-ciri
tanra-tanrana,ciri-cirinya
tapineddingi,rasakan
tappalimpo,membiakkan
tappallak-pallak,mari kita berkebun
tappana,bentuknya
tappèrrè,tergeser
tappinrai,mengalami perubahan
tarala,terjual
tarèkraung,berdaun rindang
tarenneng,enam
tareppa',empat
taroi,simpanlah
tassèddiè,setiap satu
tassèrè'i,perkirakan
tassibètta,bertarung
tassiduppa,bersua
tassilampa’,satu lembar
tattale',tersebar
tattambai,bertambah
tattaneng,mari menanam
tattellu,masing-masing tiga
tattellunge,masing-masing tiga
tau,orang
tauè,orang itu
taung,tahun
taunna,tahunnya
tawang,bab
tèa,tidak mau
tèaki,dia tidak mau
tèbara'i,ibarat
tebbakè,tak termusnahkan
tèdong,kerbau
tègai,dimana
tègaki’,kamu dimana
tejjali,tanpa tikar
tekku,takkan
tèllolang,pencuri
tellonno,menjenguklah
tellu,tiga
telluè,yang ketiga
tellui,bertiga
temmaka,sangat
temmakkampulajengngè,tidak ada semaknya
temmalupaiyèngngi,tak akan pernah lupa
temmappabinasa,tak membinasakan
temmappakkèguna,tak menggunakan
temmappau,tidak berucap
temmaruttung,tak akan runtuh
temmasola-sola,tidak menuruti hawa nafsunya
temmatè,tak akan mati
temmonroang,tidak tinggal
temmusèngek,tak kau ingat
tèmpè,tempe
tempeddippi,belum bisa
tèmpo,masa
tèmpona,pada zamannya
tenggina,tidak pernah
tengnga,tengah
tenna tola,tidak ditolak
tennaita,yang tidak dilihat
tennakkarungi,tidak dipertuankan
tennungenna,alat tenunnya
tenriakkampaèreng,tidak mengambil
tenriappau,diam
tenribata-batatoi,tidak diragukan
tenripada,tenripada
tenritaè,yang tidak dilihat
tenrullèni,tidak mampu lagi
tentu,tentu
teppada,tidak sama
teppadai,tidak sama
teppajai,tidak berhenti
teppapolè,tidak mendapatkan
teppauno,tak membunuh
teppettu,tak akan terputus
teppolo,tak akan patah
teppu,sebut
teppuna,sebutannya
teppurana,saat selesai
terè',truk
terè'è,truk itu
terri,menangis
tettappèrè,tanpa permadani
tette',tetap
tette',jam
tette'ni,tetap
tettong,berdiri
tinro,tidur
tinrona,tidurnya
tiwiki,bawalah
todongi,menghapus
toha,juga
toi,pula
tojuppandang,dari ujungpandang
tolèba,kesatria
tomaèlo,orang yang mau
tomasallè,orang yang sendiri
tomasèssa,orang yang tersiksa
tomatowa,orang tua
tomatowanna,orang tuanya
tommaccarita,orang yang bercerita
tona,sedangkan
tongeng,benar
tongengngè,kebenaran itu
tongengngi,dia benar
tongenna,aslinya
tongenni,benar-benar
tonge-tongeng,bersungguh-sungguh
toppa,saja
toriolota,orang terdahulu kita
toripaseng,orang yang dikirimkan pesan
toriwèlaimmu,orang yang kau tinggalkan
tosabbara'èdè,orang penyabar
tosibawa,bersama-sama
ttamattamangnge,kesurupan
tu,tu
tua’,tuak
tubu,tubuh
tudang,duduk
tudangenna,kedudukannya
tudanna,posisinya
tuju,menjadikan tujuan
tukennana,kegunaannya
tuli,selalu
tumapa’risi',tumapa’risi' (raja gowa kesembilan)
tumèa,pedang
tumèana,perisainya
tumènanga,tumenanga (salah satu raja gowa)
tungke’,setiap
tuo,hidup
tuoka,aku hidup
tupalè'na,ayo
tuppungngè,tanjakan itu
turioloè,orang terdahulu
turipancaji,diciptakan
tururupaè,mimik wajah
tuwo,tumbuh
uaè,air
uddani,rindu
ugi’,bugis
ugi’è,bugis
ugitta’,bugis kita
uki’,menulis
uki'i,tulislah
ukiki,tulislah
uki'na,tulisannya
uleng,bulan
umacinna,kuingin
umuru',umur
ungkapang,ungkapan
uni,bunyi
uniakkengngi,saya meniatkan
uninna,bunyinya
uonroi,saya tinggali
upaènrè’,saya naikkan
uranè,laki laki
usaha,usaha
uwaè,air
uwala,saya mengambil
wa,wa
waalaikume,waalaikum
wage,wage
wajuè,baju itu
wakkangngè,kandung
wakkattai,yang jadi tujuan saya
wala,saya ambil
wanua,negeri
wanuwa,kampung/negeri
waramparang,harta benda
warèkkada,ungkapan
warènni,saya berikan
wasallama,wasallam
wassèlè’,hasil
watakkalè,diri
wawang,kelompok
wè,we
wedding,bisa
weddingi,bisa
weddingngè,yang bisa
weddinni,sudah bisa
weddittoi,bisa juga
wègani,bergelimpangan
wenni,malam
wenninna,malamnya
wèrèkkada,ungkapan
wèrèkkadaè,ungapan
wettu,waktu
wettuè,waktu itu
wija,keturunan
wijennanaèngngi,padahal kita turunan
wisseng,tahu
yabè,kasih
yolo,depan
yusupu,yusuf
